stock_id,stock_name,type,industry_category,date,updated_at
0050,元大台灣50,twse,上市,2025-12-28,2025-12-28 06:35:39
0051,元大中型100,twse,上市,2025-12-28,2025-12-28 06:35:39
0052,富邦科技,twse,上市,2025-12-28,2025-12-28 06:35:39
0053,元大電子,twse,上市,2025-12-28,2025-12-28 06:35:39
0055,元大MSCI金融,twse,上市,2025-12-28,2025-12-28 06:35:39
0056,元大高股息,twse,上市,2025-12-28,2025-12-28 06:35:39
0057,富邦摩台,twse,上市,2025-12-28,2025-12-28 06:35:39
0061,元大寶滬深,twse,上市,2025-12-28,2025-12-28 06:35:39
1101,台泥,twse,上市,2025-12-28,2025-12-28 06:35:39
1102,亞泥,twse,上市,2025-12-28,2025-12-28 06:35:39
1103,嘉泥,twse,上市,2025-12-28,2025-12-28 06:35:39
1104,環泥,twse,上市,2025-12-28,2025-12-28 06:35:39
1108,幸福,twse,上市,2025-12-28,2025-12-28 06:35:39
1109,信大,twse,上市,2025-12-28,2025-12-28 06:35:39
1110,東泥,twse,上市,2025-12-28,2025-12-28 06:35:39
1201,味全,twse,上市,2025-12-28,2025-12-28 06:35:39
1203,味王,twse,上市,2025-12-28,2025-12-28 06:35:39
1210,大成,twse,上市,2025-12-28,2025-12-28 06:35:39
1213,大飲,twse,上市,2025-12-28,2025-12-28 06:35:39
1215,卜蜂,twse,上市,2025-12-28,2025-12-28 06:35:39
1216,統一,twse,上市,2025-12-28,2025-12-28 06:35:39
1217,愛之味,twse,上市,2025-12-28,2025-12-28 06:35:39
1218,泰山,twse,上市,2025-12-28,2025-12-28 06:35:39
1219,福壽,twse,上市,2025-12-28,2025-12-28 06:35:39
1220,台榮,twse,上市,2025-12-28,2025-12-28 06:35:39
1225,福懋油,twse,上市,2025-12-28,2025-12-28 06:35:39
1227,佳格,twse,上市,2025-12-28,2025-12-28 06:35:39
1229,聯華,twse,上市,2025-12-28,2025-12-28 06:35:39
1231,聯華食,twse,上市,2025-12-28,2025-12-28 06:35:39
1232,大統益,twse,上市,2025-12-28,2025-12-28 06:35:39
1233,天仁,twse,上市,2025-12-28,2025-12-28 06:35:39
1234,黑松,twse,上市,2025-12-28,2025-12-28 06:35:39
1235,興泰,twse,上市,2025-12-28,2025-12-28 06:35:39
1236,宏亞,twse,上市,2025-12-28,2025-12-28 06:35:39
1240,茂生農經,tpex,上櫃,2025-12-28,2025-12-28 06:35:41
1256,鮮活果汁-KY,twse,上市,2025-12-28,2025-12-28 06:35:39
1259,安心,tpex,上櫃,2025-12-28,2025-12-28 06:35:41
1264,德麥,tpex,上櫃,2025-12-28,2025-12-28 06:35:41
1268,漢來美食,tpex,上櫃,2025-12-28,2025-12-28 06:35:41
1294,漢田生技,tpex,上櫃,2025-12-28,2025-12-28 06:35:41
1295,生合,tpex,上櫃,2025-12-28,2025-12-28 06:35:41
1301,台塑,twse,上市,2025-12-28,2025-12-28 06:35:39
1303,南亞,twse,上市,2025-12-28,2025-12-28 06:35:39
1304,台聚,twse,上市,2025-12-28,2025-12-28 06:35:39
1305,華夏,twse,上市,2025-12-28,2025-12-28 06:35:39
1307,三芳,twse,上市,2025-12-28,2025-12-28 06:35:39
1308,亞聚,twse,上市,2025-12-28,2025-12-28 06:35:39
1309,台達化,twse,上市,2025-12-28,2025-12-28 06:35:39
1310,台苯,twse,上市,2025-12-28,2025-12-28 06:35:39
1312,國喬,twse,上市,2025-12-28,2025-12-28 06:35:39
1313,聯成,twse,上市,2025-12-28,2025-12-28 06:35:39
1314,中石化,twse,上市,2025-12-28,2025-12-28 06:35:39
1315,達新,twse,上市,2025-12-28,2025-12-28 06:35:39
1316,上曜,twse,上市,2025-12-28,2025-12-28 06:35:39
1319,東陽,twse,上市,2025-12-28,2025-12-28 06:35:39
1321,大洋,twse,上市,2025-12-28,2025-12-28 06:35:39
1323,永裕,twse,上市,2025-12-28,2025-12-28 06:35:39
1324,地球,twse,上市,2025-12-28,2025-12-28 06:35:39
1325,恆大,twse,上市,2025-12-28,2025-12-28 06:35:39
1326,台化,twse,上市,2025-12-28,2025-12-28 06:35:39
1336,台翰,tpex,上櫃,2025-12-28,2025-12-28 06:35:41
1337,再生-KY,twse,上市,2025-12-28,2025-12-28 06:35:39
1338,廣華-KY,twse,上市,2025-12-28,2025-12-28 06:35:39
1339,昭輝,twse,上市,2025-12-28,2025-12-28 06:35:39
1340,勝悅-KY,twse,上市,2025-12-28,2025-12-28 06:35:39
1341,富林-KY,twse,上市,2025-12-28,2025-12-28 06:35:39
1342,八貫,twse,上市,2025-12-28,2025-12-28 06:35:39
1402,遠東新,twse,上市,2025-12-28,2025-12-28 06:35:39
1409,新纖,twse,上市,2025-12-28,2025-12-28 06:35:39
1410,南染,twse,上市,2025-12-28,2025-12-28 06:35:39
1413,宏洲,twse,上市,2025-12-28,2025-12-28 06:35:39
1414,東和,twse,上市,2025-12-28,2025-12-28 06:35:39
1416,廣豐,twse,上市,2025-12-28,2025-12-28 06:35:39
1417,嘉裕,twse,上市,2025-12-28,2025-12-28 06:35:39
1418,東華,twse,上市,2025-12-28,2025-12-28 06:35:39
1419,新紡,twse,上市,2025-12-28,2025-12-28 06:35:39
1423,利華,twse,上市,2025-12-28,2025-12-28 06:35:39
1432,大魯閣,twse,上市,2025-12-28,2025-12-28 06:35:39
1434,福懋,twse,上市,2025-12-28,2025-12-28 06:35:39
1435,中福,twse,上市,2025-12-28,2025-12-28 06:35:39
1436,華友聯,twse,上市,2025-12-28,2025-12-28 06:35:39
1437,勤益控,twse,上市,2025-12-28,2025-12-28 06:35:39
1438,三地開發,twse,上市,2025-12-28,2025-12-28 06:35:39
1439,雋揚,twse,上市,2025-12-28,2025-12-28 06:35:39
1440,南紡,twse,上市,2025-12-28,2025-12-28 06:35:39
1441,大東,twse,上市,2025-12-28,2025-12-28 06:35:39
1442,名軒,twse,上市,2025-12-28,2025-12-28 06:35:39
1443,立益物流,twse,上市,2025-12-28,2025-12-28 06:35:39
1444,力麗,twse,上市,2025-12-28,2025-12-28 06:35:39
1445,大宇,twse,上市,2025-12-28,2025-12-28 06:35:39
1446,宏和,twse,上市,2025-12-28,2025-12-28 06:35:39
1447,力鵬,twse,上市,2025-12-28,2025-12-28 06:35:39
1449,佳和,twse,上市,2025-12-28,2025-12-28 06:35:39
1451,年興,twse,上市,2025-12-28,2025-12-28 06:35:39
1452,宏益,twse,上市,2025-12-28,2025-12-28 06:35:39
1453,大將,twse,上市,2025-12-28,2025-12-28 06:35:39
1454,台富,twse,上市,2025-12-28,2025-12-28 06:35:39
1455,集盛,twse,上市,2025-12-28,2025-12-28 06:35:39
1456,怡華,twse,上市,2025-12-28,2025-12-28 06:35:39
1457,宜進,twse,上市,2025-12-28,2025-12-28 06:35:39
1459,聯發,twse,上市,2025-12-28,2025-12-28 06:35:39
1460,宏遠,twse,上市,2025-12-28,2025-12-28 06:35:39
1463,強盛新,twse,上市,2025-12-28,2025-12-28 06:35:39
1464,得力,twse,上市,2025-12-28,2025-12-28 06:35:39
1465,偉全,twse,上市,2025-12-28,2025-12-28 06:35:39
1466,聚隆,twse,上市,2025-12-28,2025-12-28 06:35:39
1467,南緯,twse,上市,2025-12-28,2025-12-28 06:35:39
1468,昶和,twse,上市,2025-12-28,2025-12-28 06:35:39
1470,大統新創,twse,上市,2025-12-28,2025-12-28 06:35:39
1471,首利,twse,上市,2025-12-28,2025-12-28 06:35:39
1472,三洋實業,twse,上市,2025-12-28,2025-12-28 06:35:39
1473,台南,twse,上市,2025-12-28,2025-12-28 06:35:39
1474,弘裕,twse,上市,2025-12-28,2025-12-28 06:35:39
1475,業旺,twse,上市,2025-12-28,2025-12-28 06:35:39
1476,儒鴻,twse,上市,2025-12-28,2025-12-28 06:35:39
1477,聚陽,twse,上市,2025-12-28,2025-12-28 06:35:39
1503,士電,twse,上市,2025-12-28,2025-12-28 06:35:39
1504,東元,twse,上市,2025-12-28,2025-12-28 06:35:39
1506,正道,twse,上市,2025-12-28,2025-12-28 06:35:39
1512,瑞利,twse,上市,2025-12-28,2025-12-28 06:35:39
1513,中興電,twse,上市,2025-12-28,2025-12-28 06:35:39
1514,亞力,twse,上市,2025-12-28,2025-12-28 06:35:39
1515,力山,twse,上市,2025-12-28,2025-12-28 06:35:39
1516,川飛,twse,上市,2025-12-28,2025-12-28 06:35:39
1517,利奇,twse,上市,2025-12-28,2025-12-28 06:35:39
1519,華城,twse,上市,2025-12-28,2025-12-28 06:35:39
1521,大億,twse,上市,2025-12-28,2025-12-28 06:35:39
1522,堤維西,twse,上市,2025-12-28,2025-12-28 06:35:39
1524,耿鼎,twse,上市,2025-12-28,2025-12-28 06:35:39
1525,江申,twse,上市,2025-12-28,2025-12-28 06:35:39
1526,日馳,twse,上市,2025-12-28,2025-12-28 06:35:39
1527,鑽全,twse,上市,2025-12-28,2025-12-28 06:35:39
1528,恩德,twse,上市,2025-12-28,2025-12-28 06:35:39
1529,樂事綠能,twse,上市,2025-12-28,2025-12-28 06:35:39
1530,亞崴,twse,上市,2025-12-28,2025-12-28 06:35:39
1531,高林股,twse,上市,2025-12-28,2025-12-28 06:35:39
1532,勤美,twse,上市,2025-12-28,2025-12-28 06:35:39
1533,車王電,twse,上市,2025-12-28,2025-12-28 06:35:39
1535,中宇,twse,上市,2025-12-28,2025-12-28 06:35:39
1536,和大,twse,上市,2025-12-28,2025-12-28 06:35:39
1537,廣隆,twse,上市,2025-12-28,2025-12-28 06:35:39
1538,正峰,twse,上市,2025-12-28,2025-12-28 06:35:39
1539,巨庭,twse,上市,2025-12-28,2025-12-28 06:35:39
1540,喬福,twse,上市,2025-12-28,2025-12-28 06:35:39
1541,錩泰,twse,上市,2025-12-28,2025-12-28 06:35:39
1558,伸興,twse,上市,2025-12-28,2025-12-28 06:35:39
1560,中砂,twse,上市,2025-12-28,2025-12-28 06:35:39
1563,巧新,twse,上市,2025-12-28,2025-12-28 06:35:39
1565,精華,tpex,上櫃,2025-12-28,2025-12-28 06:35:41
1568,倉佑,twse,上市,2025-12-28,2025-12-28 06:35:39
1569,濱川,tpex,上櫃,2025-12-28,2025-12-28 06:35:41
1570,力肯,tpex,上櫃,2025-12-28,2025-12-28 06:35:41
1580,新麥,tpex,上櫃,2025-12-28,2025-12-28 06:35:41
1582,信錦,twse,上市,2025-12-28,2025-12-28 06:35:39
1583,程泰,twse,上市,2025-12-28,2025-12-28 06:35:39
1584,精剛,tpex,上櫃,2025-12-28,2025-12-28 06:35:41
1586,和勤,tpex,上櫃,2025-12-28,2025-12-28 06:35:41
1587,吉茂,twse,上市,2025-12-28,2025-12-28 06:35:39
1589,永冠-KY,twse,上市,2025-12-28,2025-12-28 06:35:39
1590,亞德客-KY,twse,上市,2025-12-28,2025-12-28 06:35:39
1591,駿吉-KY,tpex,上櫃,2025-12-28,2025-12-28 06:35:41
1593,祺驊,tpex,上櫃,2025-12-28,2025-12-28 06:35:41
1595,川寶,tpex,上櫃,2025-12-28,2025-12-28 06:35:41
1597,直得,twse,上市,2025-12-28,2025-12-28 06:35:39
1598,岱宇,twse,上市,2025-12-28,2025-12-28 06:35:39
1599,宏佳騰,tpex,上櫃,2025-12-28,2025-12-28 06:35:41
1603,華電,twse,上市,2025-12-28,2025-12-28 06:35:39
1604,聲寶,twse,上市,2025-12-28,2025-12-28 06:35:39
1605,華新,twse,上市,2025-12-28,2025-12-28 06:35:39
1608,華榮,twse,上市,2025-12-28,2025-12-28 06:35:39
1609,大亞,twse,上市,2025-12-28,2025-12-28 06:35:39
1611,中電,twse,上市,2025-12-28,2025-12-28 06:35:39
1612,宏泰,twse,上市,2025-12-28,2025-12-28 06:35:39
1614,三洋電,twse,上市,2025-12-28,2025-12-28 06:35:39
1615,大山,twse,上市,2025-12-28,2025-12-28 06:35:39
1616,億泰,twse,上市,2025-12-28,2025-12-28 06:35:39
1617,榮星,twse,上市,2025-12-28,2025-12-28 06:35:39
1618,合機,twse,上市,2025-12-28,2025-12-28 06:35:39
1626,艾美特-KY,twse,上市,2025-12-28,2025-12-28 06:35:39
1702,南僑,twse,上市,2025-12-28,2025-12-28 06:35:39
1707,葡萄王,twse,上市,2025-12-28,2025-12-28 06:35:39
1708,東鹼,twse,上市,2025-12-28,2025-12-28 06:35:39
1709,和益,twse,上市,2025-12-28,2025-12-28 06:35:39
1710,東聯,twse,上市,2025-12-28,2025-12-28 06:35:39
1711,永光,twse,上市,2025-12-28,2025-12-28 06:35:39
1712,興農,twse,上市,2025-12-28,2025-12-28 06:35:39
1713,國化,twse,上市,2025-12-28,2025-12-28 06:35:39
1714,和桐,twse,上市,2025-12-28,2025-12-28 06:35:39
1717,長興,twse,上市,2025-12-28,2025-12-28 06:35:39
1718,中纖,twse,上市,2025-12-28,2025-12-28 06:35:39
1720,生達,twse,上市,2025-12-28,2025-12-28 06:35:39
1721,三晃,twse,上市,2025-12-28,2025-12-28 06:35:39
1722,台肥,twse,上市,2025-12-28,2025-12-28 06:35:39
1723,中碳,twse,上市,2025-12-28,2025-12-28 06:35:39
1725,元禎,twse,上市,2025-12-28,2025-12-28 06:35:39
1726,永記,twse,上市,2025-12-28,2025-12-28 06:35:39
1727,中華化,twse,上市,2025-12-28,2025-12-28 06:35:39
1730,花仙子,twse,上市,2025-12-28,2025-12-28 06:35:39
1731,美吾華,twse,上市,2025-12-28,2025-12-28 06:35:39
1732,毛寶,twse,上市,2025-12-28,2025-12-28 06:35:39
1733,五鼎,twse,上市,2025-12-28,2025-12-28 06:35:39
1734,杏輝,twse,上市,2025-12-28,2025-12-28 06:35:39
1735,日勝化,twse,上市,2025-12-28,2025-12-28 06:35:39
1736,喬山,twse,上市,2025-12-28,2025-12-28 06:35:39
1737,臺鹽,twse,上市,2025-12-28,2025-12-28 06:35:39
1742,台蠟,tpex,上櫃,2025-12-28,2025-12-28 06:35:41
1752,南光,twse,上市,2025-12-28,2025-12-28 06:35:39
1760,寶齡富錦,twse,上市,2025-12-28,2025-12-28 06:35:39
1762,中化生,twse,上市,2025-12-28,2025-12-28 06:35:39
1773,勝一,twse,上市,2025-12-28,2025-12-28 06:35:39
1776,展宇,twse,上市,2025-12-28,2025-12-28 06:35:39
1777,生泰,tpex,上櫃,2025-12-28,2025-12-28 06:35:41
1781,合世,tpex,上櫃,2025-12-28,2025-12-28 06:35:41
1783,和康生,twse,上市,2025-12-28,2025-12-28 06:35:39
1784,訊聯,tpex,上櫃,2025-12-28,2025-12-28 06:35:41
1785,光洋科,tpex,上櫃,2025-12-28,2025-12-28 06:35:41
1786,科妍,twse,上市,2025-12-28,2025-12-28 06:35:39
1788,杏昌,tpex,上櫃,2025-12-28,2025-12-28 06:35:41
1789,神隆,twse,上市,2025-12-28,2025-12-28 06:35:39
1795,美時,twse,上市,2025-12-28,2025-12-28 06:35:39
1796,金穎生技,tpex,上櫃,2025-12-28,2025-12-28 06:35:41
1799,易威,tpex,上櫃,2025-12-28,2025-12-28 06:35:41
1802,台玻,twse,上市,2025-12-28,2025-12-28 06:35:39
1805,寶徠,twse,上市,2025-12-28,2025-12-28 06:35:39
1806,冠軍,twse,上市,2025-12-28,2025-12-28 06:35:39
1808,潤隆,twse,上市,2025-12-28,2025-12-28 06:35:39
1809,中釉,twse,上市,2025-12-28,2025-12-28 06:35:39
1810,和成,twse,上市,2025-12-28,2025-12-28 06:35:39
1813,寶利徠,tpex,上櫃,2025-12-28,2025-12-28 06:35:41
1815,富喬,tpex,上櫃,2025-12-28,2025-12-28 06:35:41
1817,凱撒衛,twse,上市,2025-12-28,2025-12-28 06:35:39
1903,士紙,twse,上市,2025-12-28,2025-12-28 06:35:39
1904,正隆,twse,上市,2025-12-28,2025-12-28 06:35:39
1905,華紙,twse,上市,2025-12-28,2025-12-28 06:35:39
1906,寶隆,twse,上市,2025-12-28,2025-12-28 06:35:39
1907,永豐餘,twse,上市,2025-12-28,2025-12-28 06:35:39
1909,榮成,twse,上市,2025-12-28,2025-12-28 06:35:39
2002,中鋼,twse,上市,2025-12-28,2025-12-28 06:35:39
2006,東和鋼鐵,twse,上市,2025-12-28,2025-12-28 06:35:39
2007,燁興,twse,上市,2025-12-28,2025-12-28 06:35:39
2008,高興昌,twse,上市,2025-12-28,2025-12-28 06:35:39
2009,第一銅,twse,上市,2025-12-28,2025-12-28 06:35:39
2010,春源,twse,上市,2025-12-28,2025-12-28 06:35:39
2012,春雨,twse,上市,2025-12-28,2025-12-28 06:35:39
2013,中鋼構,twse,上市,2025-12-28,2025-12-28 06:35:39
2014,中鴻,twse,上市,2025-12-28,2025-12-28 06:35:39
2015,豐興,twse,上市,2025-12-28,2025-12-28 06:35:39
2017,官田鋼,twse,上市,2025-12-28,2025-12-28 06:35:39
2020,美亞,twse,上市,2025-12-28,2025-12-28 06:35:39
2022,聚亨,twse,上市,2025-12-28,2025-12-28 06:35:39
2023,燁輝,twse,上市,2025-12-28,2025-12-28 06:35:39
2024,志聯,twse,上市,2025-12-28,2025-12-28 06:35:39
2025,千興,twse,上市,2025-12-28,2025-12-28 06:35:39
2027,大成鋼,twse,上市,2025-12-28,2025-12-28 06:35:39
2028,威致,twse,上市,2025-12-28,2025-12-28 06:35:39
2029,盛餘,twse,上市,2025-12-28,2025-12-28 06:35:39
2030,彰源,twse,上市,2025-12-28,2025-12-28 06:35:39
2031,新光鋼,twse,上市,2025-12-28,2025-12-28 06:35:39
2032,新鋼,twse,上市,2025-12-28,2025-12-28 06:35:39
2033,佳大,twse,上市,2025-12-28,2025-12-28 06:35:39
2034,允強,twse,上市,2025-12-28,2025-12-28 06:35:39
2035,唐榮,tpex,上櫃,2025-12-28,2025-12-28 06:35:41
2038,海光,twse,上市,2025-12-28,2025-12-28 06:35:39
2049,上銀,twse,上市,2025-12-28,2025-12-28 06:35:39
2059,川湖,twse,上市,2025-12-28,2025-12-28 06:35:39
2061,風青,tpex,上櫃,2025-12-28,2025-12-28 06:35:41
2062,橋椿,twse,上市,2025-12-28,2025-12-28 06:35:39
2063,世鎧,tpex,上櫃,2025-12-28,2025-12-28 06:35:41
2064,晉椿,tpex,上櫃,2025-12-28,2025-12-28 06:35:41
2065,世豐,tpex,上櫃,2025-12-28,2025-12-28 06:35:41
2066,世德,tpex,上櫃,2025-12-28,2025-12-28 06:35:41
2067,嘉鋼,tpex,上櫃,2025-12-28,2025-12-28 06:35:41
2069,運錩,twse,上市,2025-12-28,2025-12-28 06:35:39
2070,精湛,tpex,上櫃,2025-12-28,2025-12-28 06:35:41
2073,雄順,tpex,上櫃,2025-12-28,2025-12-28 06:35:41
2101,南港,twse,上市,2025-12-28,2025-12-28 06:35:39
2102,泰豐,twse,上市,2025-12-28,2025-12-28 06:35:39
2103,台橡,twse,上市,2025-12-28,2025-12-28 06:35:39
2104,國際中橡,twse,上市,2025-12-28,2025-12-28 06:35:39
2105,正新,twse,上市,2025-12-28,2025-12-28 06:35:39
2106,建大,twse,上市,2025-12-28,2025-12-28 06:35:39
2107,厚生,twse,上市,2025-12-28,2025-12-28 06:35:39
2108,南帝,twse,上市,2025-12-28,2025-12-28 06:35:39
2109,華豐,twse,上市,2025-12-28,2025-12-28 06:35:39
2114,鑫永銓,twse,上市,2025-12-28,2025-12-28 06:35:39
2115,六暉-KY,twse,上市,2025-12-28,2025-12-28 06:35:39
2201,裕隆,twse,上市,2025-12-28,2025-12-28 06:35:39
2204,中華,twse,上市,2025-12-28,2025-12-28 06:35:39
2206,三陽工業,twse,上市,2025-12-28,2025-12-28 06:35:39
2207,和泰車,twse,上市,2025-12-28,2025-12-28 06:35:39
2208,台船,twse,上市,2025-12-28,2025-12-28 06:35:39
2211,長榮鋼,twse,上市,2025-12-28,2025-12-28 06:35:39
2221,大甲,tpex,上櫃,2025-12-28,2025-12-28 06:35:41
2227,裕日車,twse,上市,2025-12-28,2025-12-28 06:35:39
2228,劍麟,twse,上市,2025-12-28,2025-12-28 06:35:39
2230,泰茂,tpex,上櫃,2025-12-28,2025-12-28 06:35:41
2231,為升,twse,上市,2025-12-28,2025-12-28 06:35:39
2233,宇隆,twse,上市,2025-12-28,2025-12-28 06:35:39
2235,謚源,tpex,上櫃,2025-12-28,2025-12-28 06:35:41
2236,百達-KY,twse,上市,2025-12-28,2025-12-28 06:35:39
2239,英利-KY,twse,上市,2025-12-28,2025-12-28 06:35:39
2241,艾姆勒,twse,上市,2025-12-28,2025-12-28 06:35:39
2243,宏旭-KY,twse,上市,2025-12-28,2025-12-28 06:35:39
2247,汎德永業,twse,上市,2025-12-28,2025-12-28 06:35:39
2248,華勝-KY,twse,上市,2025-12-28,2025-12-28 06:35:39
2250,IKKA-KY,twse,上市,2025-12-28,2025-12-28 06:35:39
2254,巨鎧精密-創,twse,上市,2025-12-28,2025-12-28 06:35:39
2258,鴻華先進-創,twse,上市,2025-12-28,2025-12-28 06:35:39
2301,光寶科,twse,上市,2025-12-28,2025-12-28 06:35:39
2302,麗正,twse,上市,2025-12-28,2025-12-28 06:35:39
2303,聯電,twse,上市,2025-12-28,2025-12-28 06:35:39
2305,全友,twse,上市,2025-12-28,2025-12-28 06:35:39
2308,台達電,twse,上市,2025-12-28,2025-12-28 06:35:39
2312,金寶,twse,上市,2025-12-28,2025-12-28 06:35:39
2313,華通,twse,上市,2025-12-28,2025-12-28 06:35:39
2314,台揚,twse,上市,2025-12-28,2025-12-28 06:35:39
2316,楠梓電,twse,上市,2025-12-28,2025-12-28 06:35:39
2317,鴻海,twse,上市,2025-12-28,2025-12-28 06:35:39
2321,東訊,twse,上市,2025-12-28,2025-12-28 06:35:39
2323,中環,twse,上市,2025-12-28,2025-12-28 06:35:39
2324,仁寶,twse,上市,2025-12-28,2025-12-28 06:35:39
2327,國巨*,twse,上市,2025-12-28,2025-12-28 06:35:39
2328,廣宇,twse,上市,2025-12-28,2025-12-28 06:35:39
2329,華泰,twse,上市,2025-12-28,2025-12-28 06:35:39
2330,台積電,twse,上市,2025-12-28,2025-12-28 06:35:39
2331,精英,twse,上市,2025-12-28,2025-12-28 06:35:39
2332,友訊,twse,上市,2025-12-28,2025-12-28 06:35:39
2337,旺宏,twse,上市,2025-12-28,2025-12-28 06:35:39
2338,光罩,twse,上市,2025-12-28,2025-12-28 06:35:39
2340,台亞,twse,上市,2025-12-28,2025-12-28 06:35:39
2342,茂矽,twse,上市,2025-12-28,2025-12-28 06:35:39
2344,華邦電,twse,上市,2025-12-28,2025-12-28 06:35:39
2345,智邦,twse,上市,2025-12-28,2025-12-28 06:35:39
2347,聯強,twse,上市,2025-12-28,2025-12-28 06:35:39
2348,海悅,twse,上市,2025-12-28,2025-12-28 06:35:39
2349,錸德,twse,上市,2025-12-28,2025-12-28 06:35:39
2351,順德,twse,上市,2025-12-28,2025-12-28 06:35:39
2352,佳世達,twse,上市,2025-12-28,2025-12-28 06:35:39
2353,宏碁,twse,上市,2025-12-28,2025-12-28 06:35:39
2354,鴻準,twse,上市,2025-12-28,2025-12-28 06:35:39
2355,敬鵬,twse,上市,2025-12-28,2025-12-28 06:35:39
2356,英業達,twse,上市,2025-12-28,2025-12-28 06:35:39
2357,華碩,twse,上市,2025-12-28,2025-12-28 06:35:39
2359,所羅門,twse,上市,2025-12-28,2025-12-28 06:35:39
2360,致茂,twse,上市,2025-12-28,2025-12-28 06:35:39
2362,藍天,twse,上市,2025-12-28,2025-12-28 06:35:39
2363,矽統,twse,上市,2025-12-28,2025-12-28 06:35:39
2364,倫飛,twse,上市,2025-12-28,2025-12-28 06:35:39
2365,昆盈,twse,上市,2025-12-28,2025-12-28 06:35:39
2367,燿華,twse,上市,2025-12-28,2025-12-28 06:35:39
2368,金像電,twse,上市,2025-12-28,2025-12-28 06:35:39
2369,菱生,twse,上市,2025-12-28,2025-12-28 06:35:39
2371,大同,twse,上市,2025-12-28,2025-12-28 06:35:39
2373,震旦行,twse,上市,2025-12-28,2025-12-28 06:35:39
2374,佳能,twse,上市,2025-12-28,2025-12-28 06:35:39
2375,凱美,twse,上市,2025-12-28,2025-12-28 06:35:39
2376,技嘉,twse,上市,2025-12-28,2025-12-28 06:35:39
2377,微星,twse,上市,2025-12-28,2025-12-28 06:35:39
2379,瑞昱,twse,上市,2025-12-28,2025-12-28 06:35:39
2380,虹光,twse,上市,2025-12-28,2025-12-28 06:35:39
2382,廣達,twse,上市,2025-12-28,2025-12-28 06:35:39
2383,台光電,twse,上市,2025-12-28,2025-12-28 06:35:39
2385,群光,twse,上市,2025-12-28,2025-12-28 06:35:39
2387,精元,twse,上市,2025-12-28,2025-12-28 06:35:39
2388,威盛,twse,上市,2025-12-28,2025-12-28 06:35:39
2390,云辰,twse,上市,2025-12-28,2025-12-28 06:35:39
2392,正崴,twse,上市,2025-12-28,2025-12-28 06:35:39
2393,億光,twse,上市,2025-12-28,2025-12-28 06:35:39
2395,研華,twse,上市,2025-12-28,2025-12-28 06:35:39
2397,友通,twse,上市,2025-12-28,2025-12-28 06:35:39
2399,映泰,twse,上市,2025-12-28,2025-12-28 06:35:39
2401,凌陽,twse,上市,2025-12-28,2025-12-28 06:35:39
2402,毅嘉,twse,上市,2025-12-28,2025-12-28 06:35:39
2404,漢唐,twse,上市,2025-12-28,2025-12-28 06:35:39
2405,輔信,twse,上市,2025-12-28,2025-12-28 06:35:39
2406,國碩,twse,上市,2025-12-28,2025-12-28 06:35:39
2408,南亞科,twse,上市,2025-12-28,2025-12-28 06:35:39
2409,友達,twse,上市,2025-12-28,2025-12-28 06:35:39
2412,中華電,twse,上市,2025-12-28,2025-12-28 06:35:39
2413,環科,twse,上市,2025-12-28,2025-12-28 06:35:39
2414,精技,twse,上市,2025-12-28,2025-12-28 06:35:39
2415,錩新,twse,上市,2025-12-28,2025-12-28 06:35:39
2417,圓剛,twse,上市,2025-12-28,2025-12-28 06:35:39
2419,仲琦,twse,上市,2025-12-28,2025-12-28 06:35:39
2420,新巨,twse,上市,2025-12-28,2025-12-28 06:35:39
2421,建準,twse,上市,2025-12-28,2025-12-28 06:35:39
2423,固緯,twse,上市,2025-12-28,2025-12-28 06:35:39
2424,隴華,twse,上市,2025-12-28,2025-12-28 06:35:39
2425,承啟,twse,上市,2025-12-28,2025-12-28 06:35:39
2426,鼎元,twse,上市,2025-12-28,2025-12-28 06:35:39
2427,三商電,twse,上市,2025-12-28,2025-12-28 06:35:39
2428,興勤,twse,上市,2025-12-28,2025-12-28 06:35:39
2429,銘旺科,twse,上市,2025-12-28,2025-12-28 06:35:39
2430,燦坤,twse,上市,2025-12-28,2025-12-28 06:35:39
2431,聯昌,twse,上市,2025-12-28,2025-12-28 06:35:39
2432,倚天酷碁-創,twse,上市,2025-12-28,2025-12-28 06:35:39
2433,互盛電,twse,上市,2025-12-28,2025-12-28 06:35:39
2434,統懋,twse,上市,2025-12-28,2025-12-28 06:35:39
2436,偉詮電,twse,上市,2025-12-28,2025-12-28 06:35:39
2438,翔耀,twse,上市,2025-12-28,2025-12-28 06:35:39
2439,美律,twse,上市,2025-12-28,2025-12-28 06:35:39
2440,太空梭,twse,上市,2025-12-28,2025-12-28 06:35:39
2441,超豐,twse,上市,2025-12-28,2025-12-28 06:35:39
2442,新美齊,twse,上市,2025-12-28,2025-12-28 06:35:39
2444,兆勁,twse,上市,2025-12-28,2025-12-28 06:35:39
2449,京元電子,twse,上市,2025-12-28,2025-12-28 06:35:39
2450,神腦,twse,上市,2025-12-28,2025-12-28 06:35:39
2451,創見,twse,上市,2025-12-28,2025-12-28 06:35:39
2453,凌群,twse,上市,2025-12-28,2025-12-28 06:35:39
2454,聯發科,twse,上市,2025-12-28,2025-12-28 06:35:39
2455,全新,twse,上市,2025-12-28,2025-12-28 06:35:39
2457,飛宏,twse,上市,2025-12-28,2025-12-28 06:35:39
2458,義隆,twse,上市,2025-12-28,2025-12-28 06:35:39
2459,敦吉,twse,上市,2025-12-28,2025-12-28 06:35:39
2460,建通,twse,上市,2025-12-28,2025-12-28 06:35:39
2461,光群雷,twse,上市,2025-12-28,2025-12-28 06:35:39
2462,良得電,twse,上市,2025-12-28,2025-12-28 06:35:39
2464,盟立,twse,上市,2025-12-28,2025-12-28 06:35:39
2465,麗臺,twse,上市,2025-12-28,2025-12-28 06:35:39
2466,冠西電,twse,上市,2025-12-28,2025-12-28 06:35:39
2467,志聖,twse,上市,2025-12-28,2025-12-28 06:35:39
2468,華經,twse,上市,2025-12-28,2025-12-28 06:35:39
2471,資通,twse,上市,2025-12-28,2025-12-28 06:35:39
2472,立隆電,twse,上市,2025-12-28,2025-12-28 06:35:39
2474,可成,twse,上市,2025-12-28,2025-12-28 06:35:39
2476,鉅祥,twse,上市,2025-12-28,2025-12-28 06:35:39
2477,美隆電,twse,上市,2025-12-28,2025-12-28 06:35:39
2478,大毅,twse,上市,2025-12-28,2025-12-28 06:35:39
2480,敦陽科,twse,上市,2025-12-28,2025-12-28 06:35:39
2481,強茂,twse,上市,2025-12-28,2025-12-28 06:35:39
2482,連宇,twse,上市,2025-12-28,2025-12-28 06:35:39
2483,百容,twse,上市,2025-12-28,2025-12-28 06:35:39
2484,希華,twse,上市,2025-12-28,2025-12-28 06:35:39
2485,兆赫,twse,上市,2025-12-28,2025-12-28 06:35:39
2486,一詮,twse,上市,2025-12-28,2025-12-28 06:35:39
2488,漢平,twse,上市,2025-12-28,2025-12-28 06:35:39
2489,瑞軒,twse,上市,2025-12-28,2025-12-28 06:35:39
2491,吉祥全,twse,上市,2025-12-28,2025-12-28 06:35:39
2492,華新科,twse,上市,2025-12-28,2025-12-28 06:35:39
2493,揚博,twse,上市,2025-12-28,2025-12-28 06:35:39
2495,普安,twse,上市,2025-12-28,2025-12-28 06:35:39
2496,卓越,twse,上市,2025-12-28,2025-12-28 06:35:39
2497,怡利電,twse,上市,2025-12-28,2025-12-28 06:35:39
2498,宏達電,twse,上市,2025-12-28,2025-12-28 06:35:39
2501,國建,twse,上市,2025-12-28,2025-12-28 06:35:39
2504,國產,twse,上市,2025-12-28,2025-12-28 06:35:39
2505,國揚,twse,上市,2025-12-28,2025-12-28 06:35:39
2506,太設,twse,上市,2025-12-28,2025-12-28 06:35:39
2509,全坤建,twse,上市,2025-12-28,2025-12-28 06:35:39
2511,太子,twse,上市,2025-12-28,2025-12-28 06:35:39
2514,龍邦,twse,上市,2025-12-28,2025-12-28 06:35:39
2515,中工,twse,上市,2025-12-28,2025-12-28 06:35:39
2516,新建,twse,上市,2025-12-28,2025-12-28 06:35:39
2520,冠德,twse,上市,2025-12-28,2025-12-28 06:35:39
2524,京城,twse,上市,2025-12-28,2025-12-28 06:35:39
2527,宏璟,twse,上市,2025-12-28,2025-12-28 06:35:39
2528,皇普,twse,上市,2025-12-28,2025-12-28 06:35:39
2530,華建,twse,上市,2025-12-28,2025-12-28 06:35:39
2534,宏盛,twse,上市,2025-12-28,2025-12-28 06:35:39
2535,達欣工,twse,上市,2025-12-28,2025-12-28 06:35:39
2536,宏普,twse,上市,2025-12-28,2025-12-28 06:35:39
2537,聯上發,twse,上市,2025-12-28,2025-12-28 06:35:39
2538,基泰,twse,上市,2025-12-28,2025-12-28 06:35:39
2539,櫻花建,twse,上市,2025-12-28,2025-12-28 06:35:39
2540,愛山林,twse,上市,2025-12-28,2025-12-28 06:35:39
2542,興富發,twse,上市,2025-12-28,2025-12-28 06:35:39
2543,皇昌,twse,上市,2025-12-28,2025-12-28 06:35:39
2545,皇翔,twse,上市,2025-12-28,2025-12-28 06:35:39
2546,根基,twse,上市,2025-12-28,2025-12-28 06:35:39
2547,日勝生,twse,上市,2025-12-28,2025-12-28 06:35:39
2548,華固,twse,上市,2025-12-28,2025-12-28 06:35:39
2596,綠意,tpex,上櫃,2025-12-28,2025-12-28 06:35:41
2597,潤弘,twse,上市,2025-12-28,2025-12-28 06:35:39
2601,益航,twse,上市,2025-12-28,2025-12-28 06:35:39
2603,長榮,twse,上市,2025-12-28,2025-12-28 06:35:39
2605,新興,twse,上市,2025-12-28,2025-12-28 06:35:39
2606,裕民,twse,上市,2025-12-28,2025-12-28 06:35:39
2607,榮運,twse,上市,2025-12-28,2025-12-28 06:35:39
2608,嘉里大榮,twse,上市,2025-12-28,2025-12-28 06:35:39
2609,陽明,twse,上市,2025-12-28,2025-12-28 06:35:39
2610,華航,twse,上市,2025-12-28,2025-12-28 06:35:39
2611,志信,twse,上市,2025-12-28,2025-12-28 06:35:39
2612,中航,twse,上市,2025-12-28,2025-12-28 06:35:39
2613,中櫃,twse,上市,2025-12-28,2025-12-28 06:35:39
2614,東森,twse,上市,2025-12-28,2025-12-28 06:35:39
2615,萬海,twse,上市,2025-12-28,2025-12-28 06:35:39
2616,山隆,twse,上市,2025-12-28,2025-12-28 06:35:39
2617,台航,twse,上市,2025-12-28,2025-12-28 06:35:39
2618,長榮航,twse,上市,2025-12-28,2025-12-28 06:35:39
2630,亞航,twse,上市,2025-12-28,2025-12-28 06:35:39
2633,台灣高鐵,twse,上市,2025-12-28,2025-12-28 06:35:39
2634,漢翔,twse,上市,2025-12-28,2025-12-28 06:35:39
2636,台驊控股,twse,上市,2025-12-28,2025-12-28 06:35:39
2637,慧洋-KY,twse,上市,2025-12-28,2025-12-28 06:35:39
2640,大車隊,tpex,上櫃,2025-12-28,2025-12-28 06:35:41
2641,正德,tpex,上櫃,2025-12-28,2025-12-28 06:35:41
2642,宅配通,twse,上市,2025-12-28,2025-12-28 06:35:39
2643,捷迅,tpex,上櫃,2025-12-28,2025-12-28 06:35:41
2645,長榮航太,twse,上市,2025-12-28,2025-12-28 06:35:39
2646,星宇航空,twse,上市,2025-12-28,2025-12-28 06:35:39
2701,萬企,twse,上市,2025-12-28,2025-12-28 06:35:39
2702,華園,twse,上市,2025-12-28,2025-12-28 06:35:39
2704,國賓,twse,上市,2025-12-28,2025-12-28 06:35:39
2705,六福,twse,上市,2025-12-28,2025-12-28 06:35:39
2706,第一店,twse,上市,2025-12-28,2025-12-28 06:35:39
2707,晶華,twse,上市,2025-12-28,2025-12-28 06:35:39
2712,遠雄來,twse,上市,2025-12-28,2025-12-28 06:35:39
2718,全心投控,tpex,上櫃,2025-12-28,2025-12-28 06:35:41
2719,燦星旅,tpex,上櫃,2025-12-28,2025-12-28 06:35:41
2722,夏都,twse,上市,2025-12-28,2025-12-28 06:35:39
2723,美食-KY,twse,上市,2025-12-28,2025-12-28 06:35:39
2724,藝舍-KY,tpex,上櫃,2025-12-28,2025-12-28 06:35:41
2726,雅茗-KY,tpex,上櫃,2025-12-28,2025-12-28 06:35:41
2727,王品,twse,上市,2025-12-28,2025-12-28 06:35:39
2729,瓦城,tpex,上櫃,2025-12-28,2025-12-28 06:35:41
2731,雄獅,twse,上市,2025-12-28,2025-12-28 06:35:39
2732,六角,tpex,上櫃,2025-12-28,2025-12-28 06:35:41
2734,易飛網,tpex,上櫃,2025-12-28,2025-12-28 06:35:41
2736,富野,tpex,上櫃,2025-12-28,2025-12-28 06:35:41
2739,寒舍,twse,上市,2025-12-28,2025-12-28 06:35:39
2740,天蔥,tpex,上櫃,2025-12-28,2025-12-28 06:35:41
2743,山富,tpex,上櫃,2025-12-28,2025-12-28 06:35:41
2745,五福,tpex,上櫃,2025-12-28,2025-12-28 06:35:41
2748,雲品,twse,上市,2025-12-28,2025-12-28 06:35:39
2751,王座,tpex,上櫃,2025-12-28,2025-12-28 06:35:41
2752,豆府,tpex,上櫃,2025-12-28,2025-12-28 06:35:41
2753,八方雲集,twse,上市,2025-12-28,2025-12-28 06:35:39
2754,亞洲藏壽司,tpex,上櫃,2025-12-28,2025-12-28 06:35:41
2755,揚秦,tpex,上櫃,2025-12-28,2025-12-28 06:35:41
2756,聯發國際,tpex,上櫃,2025-12-28,2025-12-28 06:35:41
2762,世界健身-KY,twse,上市,2025-12-28,2025-12-28 06:35:39
2801,彰銀,twse,上市,2025-12-28,2025-12-28 06:35:39
2812,台中銀,twse,上市,2025-12-28,2025-12-28 06:35:39
2816,旺旺保,twse,上市,2025-12-28,2025-12-28 06:35:39
2820,華票,twse,上市,2025-12-28,2025-12-28 06:35:39
2832,台產,twse,上市,2025-12-28,2025-12-28 06:35:39
2834,臺企銀,twse,上市,2025-12-28,2025-12-28 06:35:39
2836,高雄銀,twse,上市,2025-12-28,2025-12-28 06:35:39
2838,聯邦銀,twse,上市,2025-12-28,2025-12-28 06:35:39
2845,遠東銀,twse,上市,2025-12-28,2025-12-28 06:35:39
2849,安泰銀,twse,上市,2025-12-28,2025-12-28 06:35:39
2850,新產,twse,上市,2025-12-28,2025-12-28 06:35:39
2851,中再保,twse,上市,2025-12-28,2025-12-28 06:35:39
2852,第一保,twse,上市,2025-12-28,2025-12-28 06:35:39
2855,統一證,twse,上市,2025-12-28,2025-12-28 06:35:39
2867,三商壽,twse,上市,2025-12-28,2025-12-28 06:35:39
2880,華南金,twse,上市,2025-12-28,2025-12-28 06:35:39
2881,富邦金,twse,上市,2025-12-28,2025-12-28 06:35:39
2882,國泰金,twse,上市,2025-12-28,2025-12-28 06:35:39
2883,凱基金,twse,上市,2025-12-28,2025-12-28 06:35:39
2884,玉山金,twse,上市,2025-12-28,2025-12-28 06:35:39
2885,元大金,twse,上市,2025-12-28,2025-12-28 06:35:39
2886,兆豐金,twse,上市,2025-12-28,2025-12-28 06:35:39
2887,台新新光金,twse,上市,2025-12-28,2025-12-28 06:35:39
2889,國票金,twse,上市,2025-12-28,2025-12-28 06:35:39
2890,永豐金,twse,上市,2025-12-28,2025-12-28 06:35:39
2891,中信金,twse,上市,2025-12-28,2025-12-28 06:35:39
2892,第一金,twse,上市,2025-12-28,2025-12-28 06:35:39
2897,王道銀行,twse,上市,2025-12-28,2025-12-28 06:35:39
2901,欣欣,twse,上市,2025-12-28,2025-12-28 06:35:39
2903,遠百,twse,上市,2025-12-28,2025-12-28 06:35:39
2904,匯僑,twse,上市,2025-12-28,2025-12-28 06:35:39
2905,三商,twse,上市,2025-12-28,2025-12-28 06:35:39
2906,高林,twse,上市,2025-12-28,2025-12-28 06:35:39
2908,特力,twse,上市,2025-12-28,2025-12-28 06:35:39
2910,統領,twse,上市,2025-12-28,2025-12-28 06:35:39
2911,麗嬰房,twse,上市,2025-12-28,2025-12-28 06:35:39
2912,統一超,twse,上市,2025-12-28,2025-12-28 06:35:39
2913,農林,twse,上市,2025-12-28,2025-12-28 06:35:39
2915,潤泰全,twse,上市,2025-12-28,2025-12-28 06:35:39
2916,滿心,tpex,上櫃,2025-12-28,2025-12-28 06:35:41
2923,鼎固-KY,twse,上市,2025-12-28,2025-12-28 06:35:39
2924,宏太-KY,tpex,上櫃,2025-12-28,2025-12-28 06:35:41
2926,誠品生活,tpex,上櫃,2025-12-28,2025-12-28 06:35:41
2929,淘帝-KY,twse,上市,2025-12-28,2025-12-28 06:35:39
2937,集雅社,tpex,上櫃,2025-12-28,2025-12-28 06:35:41
2939,永邑-KY,twse,上市,2025-12-28,2025-12-28 06:35:39
2941,米斯特,tpex,上櫃,2025-12-28,2025-12-28 06:35:41
2945,三商家購,twse,上市,2025-12-28,2025-12-28 06:35:39
2947,振宇五金,tpex,上櫃,2025-12-28,2025-12-28 06:35:41
2948,寶陞,tpex,上櫃,2025-12-28,2025-12-28 06:35:41
2949,欣新網,tpex,上櫃,2025-12-28,2025-12-28 06:35:41
3002,歐格,twse,上市,2025-12-28,2025-12-28 06:35:39
3003,健和興,twse,上市,2025-12-28,2025-12-28 06:35:39
3004,豐達科,twse,上市,2025-12-28,2025-12-28 06:35:39
3005,神基,twse,上市,2025-12-28,2025-12-28 06:35:39
3006,晶豪科,twse,上市,2025-12-28,2025-12-28 06:35:39
3008,大立光,twse,上市,2025-12-28,2025-12-28 06:35:39
3010,華立,twse,上市,2025-12-28,2025-12-28 06:35:39
3011,今皓,twse,上市,2025-12-28,2025-12-28 06:35:39
3013,晟銘電,twse,上市,2025-12-28,2025-12-28 06:35:39
3014,聯陽,twse,上市,2025-12-28,2025-12-28 06:35:39
3015,全漢,twse,上市,2025-12-28,2025-12-28 06:35:39
3016,嘉晶,twse,上市,2025-12-28,2025-12-28 06:35:39
3017,奇鋐,twse,上市,2025-12-28,2025-12-28 06:35:39
3018,隆銘綠能,twse,上市,2025-12-28,2025-12-28 06:35:39
3019,亞光,twse,上市,2025-12-28,2025-12-28 06:35:39
3021,鴻名,twse,上市,2025-12-28,2025-12-28 06:35:39
3022,威強電,twse,上市,2025-12-28,2025-12-28 06:35:39
3023,信邦,twse,上市,2025-12-28,2025-12-28 06:35:39
3024,憶聲,twse,上市,2025-12-28,2025-12-28 06:35:39
3025,星通,twse,上市,2025-12-28,2025-12-28 06:35:39
3026,禾伸堂,twse,上市,2025-12-28,2025-12-28 06:35:39
3027,盛達,twse,上市,2025-12-28,2025-12-28 06:35:39
3028,增你強,twse,上市,2025-12-28,2025-12-28 06:35:39
3029,零壹,twse,上市,2025-12-28,2025-12-28 06:35:39
3030,德律,twse,上市,2025-12-28,2025-12-28 06:35:39
3031,佰鴻,twse,上市,2025-12-28,2025-12-28 06:35:39
3032,偉訓,twse,上市,2025-12-28,2025-12-28 06:35:39
3033,威健,twse,上市,2025-12-28,2025-12-28 06:35:39
3034,聯詠,twse,上市,2025-12-28,2025-12-28 06:35:39
3035,智原,twse,上市,2025-12-28,2025-12-28 06:35:39
3036,文曄,twse,上市,2025-12-28,2025-12-28 06:35:39
3037,欣興,twse,上市,2025-12-28,2025-12-28 06:35:39
3038,全台,twse,上市,2025-12-28,2025-12-28 06:35:39
3040,遠見,twse,上市,2025-12-28,2025-12-28 06:35:39
3041,揚智,twse,上市,2025-12-28,2025-12-28 06:35:39
3042,晶技,twse,上市,2025-12-28,2025-12-28 06:35:39
3043,科風,twse,上市,2025-12-28,2025-12-28 06:35:39
3044,健鼎,twse,上市,2025-12-28,2025-12-28 06:35:39
3045,台灣大,twse,上市,2025-12-28,2025-12-28 06:35:39
3046,建碁,twse,上市,2025-12-28,2025-12-28 06:35:39
3047,訊舟,twse,上市,2025-12-28,2025-12-28 06:35:39
3048,益登,twse,上市,2025-12-28,2025-12-28 06:35:39
3049,精金,twse,上市,2025-12-28,2025-12-28 06:35:39
3050,鈺德,twse,上市,2025-12-28,2025-12-28 06:35:39
3051,力特,twse,上市,2025-12-28,2025-12-28 06:35:39
3052,夆典,twse,上市,2025-12-28,2025-12-28 06:35:39
3054,立萬利,twse,上市,2025-12-28,2025-12-28 06:35:39
3055,蔚華科,twse,上市,2025-12-28,2025-12-28 06:35:39
3056,富華新,twse,上市,2025-12-28,2025-12-28 06:35:39
3057,喬鼎,twse,上市,2025-12-28,2025-12-28 06:35:39
3058,立德,twse,上市,2025-12-28,2025-12-28 06:35:39
3059,華晶科,twse,上市,2025-12-28,2025-12-28 06:35:39
3060,銘異,twse,上市,2025-12-28,2025-12-28 06:35:39
3062,建漢,twse,上市,2025-12-28,2025-12-28 06:35:39
3064,泰偉,tpex,上櫃,2025-12-28,2025-12-28 06:35:41
3066,李洲,tpex,上櫃,2025-12-28,2025-12-28 06:35:41
3067,全域,tpex,上櫃,2025-12-28,2025-12-28 06:35:41
3071,協禧,tpex,上櫃,2025-12-28,2025-12-28 06:35:41
3073,天方能源,tpex,上櫃,2025-12-28,2025-12-28 06:35:41
3078,僑威,tpex,上櫃,2025-12-28,2025-12-28 06:35:41
3081,聯亞,tpex,上櫃,2025-12-28,2025-12-28 06:35:41
3083,網龍,tpex,上櫃,2025-12-28,2025-12-28 06:35:41
3085,新零售,tpex,上櫃,2025-12-28,2025-12-28 06:35:41
3086,華義,tpex,上櫃,2025-12-28,2025-12-28 06:35:41
3088,艾訊,tpex,上櫃,2025-12-28,2025-12-28 06:35:41
3090,日電貿,twse,上市,2025-12-28,2025-12-28 06:35:39
3092,鴻碩,twse,上市,2025-12-28,2025-12-28 06:35:39
3093,港建*,tpex,上櫃,2025-12-28,2025-12-28 06:35:41
3094,聯傑,twse,上市,2025-12-28,2025-12-28 06:35:39
3095,及成,tpex,上櫃,2025-12-28,2025-12-28 06:35:41
3105,穩懋,tpex,上櫃,2025-12-28,2025-12-28 06:35:41
3114,好德,tpex,上櫃,2025-12-28,2025-12-28 06:35:41
3115,富榮綱,tpex,上櫃,2025-12-28,2025-12-28 06:35:41
3118,進階,tpex,上櫃,2025-12-28,2025-12-28 06:35:41
3122,笙泉,tpex,上櫃,2025-12-28,2025-12-28 06:35:41
3128,昇銳,tpex,上櫃,2025-12-28,2025-12-28 06:35:41
3130,一零四,twse,上市,2025-12-28,2025-12-28 06:35:39
3131,弘塑,tpex,上櫃,2025-12-28,2025-12-28 06:35:41
3135,凌航,twse,上市,2025-12-28,2025-12-28 06:35:39
3138,耀登,twse,上市,2025-12-28,2025-12-28 06:35:39
3141,晶宏,tpex,上櫃,2025-12-28,2025-12-28 06:35:41
3147,大綜,tpex,上櫃,2025-12-28,2025-12-28 06:35:41
3149,正達,twse,上市,2025-12-28,2025-12-28 06:35:39
3150,鈺寶-創,twse,上市,2025-12-28,2025-12-28 06:35:39
3152,璟德,tpex,上櫃,2025-12-28,2025-12-28 06:35:41
3158,嘉實,tpex,上櫃,2025-12-28,2025-12-28 06:35:41
3162,精確,tpex,上櫃,2025-12-28,2025-12-28 06:35:41
3163,波若威,tpex,上櫃,2025-12-28,2025-12-28 06:35:41
3164,景岳,twse,上市,2025-12-28,2025-12-28 06:35:39
3167,大量,twse,上市,2025-12-28,2025-12-28 06:35:39
3168,眾福科,twse,上市,2025-12-28,2025-12-28 06:35:39
3169,亞信,tpex,上櫃,2025-12-28,2025-12-28 06:35:41
3171,炎洲流通,tpex,上櫃,2025-12-28,2025-12-28 06:35:41
3176,基亞,tpex,上櫃,2025-12-28,2025-12-28 06:35:41
3178,公準,tpex,上櫃,2025-12-28,2025-12-28 06:35:41
3188,鑫龍騰,tpex,上櫃,2025-12-28,2025-12-28 06:35:41
3189,景碩,twse,上市,2025-12-28,2025-12-28 06:35:39
3191,雲嘉南,tpex,上櫃,2025-12-28,2025-12-28 06:35:41
3205,佰研,tpex,上櫃,2025-12-28,2025-12-28 06:35:41
3206,志豐,tpex,上櫃,2025-12-28,2025-12-28 06:35:41
3207,耀勝,tpex,上櫃,2025-12-28,2025-12-28 06:35:41
3209,全科,twse,上市,2025-12-28,2025-12-28 06:35:39
3211,順達,tpex,上櫃,2025-12-28,2025-12-28 06:35:41
3213,茂訊,tpex,上櫃,2025-12-28,2025-12-28 06:35:41
3217,優群,tpex,上櫃,2025-12-28,2025-12-28 06:35:41
3218,大學光,tpex,上櫃,2025-12-28,2025-12-28 06:35:41
3219,倚強科,tpex,上櫃,2025-12-28,2025-12-28 06:35:41
3221,台嘉碩,tpex,上櫃,2025-12-28,2025-12-28 06:35:41
3224,三顧,tpex,上櫃,2025-12-28,2025-12-28 06:35:41
3226,龍鋒,tpex,上櫃,2025-12-28,2025-12-28 06:35:41
3227,原相,tpex,上櫃,2025-12-28,2025-12-28 06:35:41
3228,金麗科,tpex,上櫃,2025-12-28,2025-12-28 06:35:41
3229,晟鈦,twse,上市,2025-12-28,2025-12-28 06:35:39
3230,錦明,tpex,上櫃,2025-12-28,2025-12-28 06:35:41
3231,緯創,twse,上市,2025-12-28,2025-12-28 06:35:39
3232,昱捷,tpex,上櫃,2025-12-28,2025-12-28 06:35:41
3234,光環,tpex,上櫃,2025-12-28,2025-12-28 06:35:41
3236,千如,tpex,上櫃,2025-12-28,2025-12-28 06:35:41
3252,海灣,tpex,上櫃,2025-12-28,2025-12-28 06:35:41
3257,虹冠電,twse,上市,2025-12-28,2025-12-28 06:35:39
3259,鑫創,tpex,上櫃,2025-12-28,2025-12-28 06:35:41
3260,威剛,tpex,上櫃,2025-12-28,2025-12-28 06:35:41
3264,欣銓,tpex,上櫃,2025-12-28,2025-12-28 06:35:41
3265,台星科,tpex,上櫃,2025-12-28,2025-12-28 06:35:41
3266,昇陽,twse,上市,2025-12-28,2025-12-28 06:35:39
3268,海德威,tpex,上櫃,2025-12-28,2025-12-28 06:35:41
3272,東碩,tpex,上櫃,2025-12-28,2025-12-28 06:35:41
3276,宇環,tpex,上櫃,2025-12-28,2025-12-28 06:35:41
3284,太普高,tpex,上櫃,2025-12-28,2025-12-28 06:35:41
3285,微端,tpex,上櫃,2025-12-28,2025-12-28 06:35:41
3287,廣寰科,tpex,上櫃,2025-12-28,2025-12-28 06:35:41
3288,點晶,tpex,上櫃,2025-12-28,2025-12-28 06:35:41
3289,宜特,tpex,上櫃,2025-12-28,2025-12-28 06:35:41
3290,東浦,tpex,上櫃,2025-12-28,2025-12-28 06:35:41
3293,鈊象,tpex,上櫃,2025-12-28,2025-12-28 06:35:41
3294,英濟,tpex,上櫃,2025-12-28,2025-12-28 06:35:41
3296,勝德,twse,上市,2025-12-28,2025-12-28 06:35:39
3297,杭特,tpex,上櫃,2025-12-28,2025-12-28 06:35:41
3303,岱稜,tpex,上櫃,2025-12-28,2025-12-28 06:35:41
3305,昇貿,twse,上市,2025-12-28,2025-12-28 06:35:39
3306,鼎天,tpex,上櫃,2025-12-28,2025-12-28 06:35:41
3308,聯德,twse,上市,2025-12-28,2025-12-28 06:35:39
3310,佳穎,tpex,上櫃,2025-12-28,2025-12-28 06:35:41
3311,閎暉,twse,上市,2025-12-28,2025-12-28 06:35:39
3312,弘憶股,twse,上市,2025-12-28,2025-12-28 06:35:39
3313,斐成,tpex,上櫃,2025-12-28,2025-12-28 06:35:41
3317,尼克森,tpex,上櫃,2025-12-28,2025-12-28 06:35:41
3321,同泰,twse,上市,2025-12-28,2025-12-28 06:35:39
3322,建舜電,tpex,上櫃,2025-12-28,2025-12-28 06:35:41
3323,加百裕,tpex,上櫃,2025-12-28,2025-12-28 06:35:41
3324,雙鴻,tpex,上櫃,2025-12-28,2025-12-28 06:35:41
3325,旭品,tpex,上櫃,2025-12-28,2025-12-28 06:35:41
3332,幸康,tpex,上櫃,2025-12-28,2025-12-28 06:35:41
3338,泰碩,twse,上市,2025-12-28,2025-12-28 06:35:39
3339,泰谷,tpex,上櫃,2025-12-28,2025-12-28 06:35:41
3346,麗清,twse,上市,2025-12-28,2025-12-28 06:35:39
3349,寶德,tpex,上櫃,2025-12-28,2025-12-28 06:35:41
3354,律勝,tpex,上櫃,2025-12-28,2025-12-28 06:35:41
3356,奇偶,twse,上市,2025-12-28,2025-12-28 06:35:39
3357,臺慶科,tpex,上櫃,2025-12-28,2025-12-28 06:35:41
3360,尚立,tpex,上櫃,2025-12-28,2025-12-28 06:35:41
3362,先進光,tpex,上櫃,2025-12-28,2025-12-28 06:35:41
3363,上詮,tpex,上櫃,2025-12-28,2025-12-28 06:35:41
3372,典範,tpex,上櫃,2025-12-28,2025-12-28 06:35:41
3373,熱映,tpex,上櫃,2025-12-28,2025-12-28 06:35:41
3374,精材,tpex,上櫃,2025-12-28,2025-12-28 06:35:41
3376,新日興,twse,上市,2025-12-28,2025-12-28 06:35:39
3379,彬台,tpex,上櫃,2025-12-28,2025-12-28 06:35:41
3380,明泰,twse,上市,2025-12-28,2025-12-28 06:35:39
3388,崇越電,tpex,上櫃,2025-12-28,2025-12-28 06:35:41
3390,旭軟,tpex,上櫃,2025-12-28,2025-12-28 06:35:41
3402,漢科,tpex,上櫃,2025-12-28,2025-12-28 06:35:41
3406,玉晶光,twse,上市,2025-12-28,2025-12-28 06:35:39
3413,京鼎,twse,上市,2025-12-28,2025-12-28 06:35:39
3416,融程電,twse,上市,2025-12-28,2025-12-28 06:35:39
3419,譁裕,twse,上市,2025-12-28,2025-12-28 06:35:39
3426,台興,tpex,上櫃,2025-12-28,2025-12-28 06:35:41
3430,奇鈦科,tpex,上櫃,2025-12-28,2025-12-28 06:35:41
3432,台端,twse,上市,2025-12-28,2025-12-28 06:35:39
3434,哲固,tpex,上櫃,2025-12-28,2025-12-28 06:35:41
3437,榮創,twse,上市,2025-12-28,2025-12-28 06:35:39
3438,類比科,tpex,上櫃,2025-12-28,2025-12-28 06:35:41
3441,聯一光,tpex,上櫃,2025-12-28,2025-12-28 06:35:41
3443,創意,twse,上市,2025-12-28,2025-12-28 06:35:39
3444,利機,tpex,上櫃,2025-12-28,2025-12-28 06:35:41
3447,展達,twse,上市,2025-12-28,2025-12-28 06:35:39
3450,聯鈞,twse,上市,2025-12-28,2025-12-28 06:35:39
3454,晶睿,twse,上市,2025-12-28,2025-12-28 06:35:39
3455,由田,tpex,上櫃,2025-12-28,2025-12-28 06:35:41
3465,進泰電子,tpex,上櫃,2025-12-28,2025-12-28 06:35:41
3466,德晉,tpex,上櫃,2025-12-28,2025-12-28 06:35:41
3467,台灣精材,tpex,上櫃,2025-12-28,2025-12-28 06:35:41
3479,安勤,tpex,上櫃,2025-12-28,2025-12-28 06:35:41
3481,群創,twse,上市,2025-12-28,2025-12-28 06:35:39
3483,力致,tpex,上櫃,2025-12-28,2025-12-28 06:35:41
3484,崧騰,tpex,上櫃,2025-12-28,2025-12-28 06:35:41
3489,森寶,tpex,上櫃,2025-12-28,2025-12-28 06:35:41
3490,單井,tpex,上櫃,2025-12-28,2025-12-28 06:35:41
3491,昇達科,tpex,上櫃,2025-12-28,2025-12-28 06:35:41
3492,長盛,tpex,上櫃,2025-12-28,2025-12-28 06:35:41
3494,誠研,twse,上市,2025-12-28,2025-12-28 06:35:39
3498,陽程,tpex,上櫃,2025-12-28,2025-12-28 06:35:41
3499,環天科,tpex,上櫃,2025-12-28,2025-12-28 06:35:41
3501,維熹,twse,上市,2025-12-28,2025-12-28 06:35:39
3504,揚明光,twse,上市,2025-12-28,2025-12-28 06:35:39
3508,位速,tpex,上櫃,2025-12-28,2025-12-28 06:35:41
3511,矽瑪,tpex,上櫃,2025-12-28,2025-12-28 06:35:41
3512,皇龍,tpex,上櫃,2025-12-28,2025-12-28 06:35:41
3515,華擎,twse,上市,2025-12-28,2025-12-28 06:35:39
3516,亞帝歐,tpex,上櫃,2025-12-28,2025-12-28 06:35:41
3518,柏騰,twse,上市,2025-12-28,2025-12-28 06:35:39
3520,華盈,tpex,上櫃,2025-12-28,2025-12-28 06:35:41
3521,鴻翊,tpex,上櫃,2025-12-28,2025-12-28 06:35:41
3522,御嵿,tpex,上櫃,2025-12-28,2025-12-28 06:35:41
3523,迎輝,tpex,上櫃,2025-12-28,2025-12-28 06:35:41
3526,凡甲,tpex,上櫃,2025-12-28,2025-12-28 06:35:41
3527,聚積,tpex,上櫃,2025-12-28,2025-12-28 06:35:41
3528,安馳,twse,上市,2025-12-28,2025-12-28 06:35:39
3529,力旺,tpex,上櫃,2025-12-28,2025-12-28 06:35:41
3530,晶相光,twse,上市,2025-12-28,2025-12-28 06:35:39
3531,先益,tpex,上櫃,2025-12-28,2025-12-28 06:35:41
3532,台勝科,twse,上市,2025-12-28,2025-12-28 06:35:39
3533,嘉澤,twse,上市,2025-12-28,2025-12-28 06:35:39
3535,晶彩科,twse,上市,2025-12-28,2025-12-28 06:35:39
3537,堡達,tpex,上櫃,2025-12-28,2025-12-28 06:35:41
3540,曜越,tpex,上櫃,2025-12-28,2025-12-28 06:35:41
3541,西柏,tpex,上櫃,2025-12-28,2025-12-28 06:35:41
3543,州巧,twse,上市,2025-12-28,2025-12-28 06:35:39
3545,敦泰,twse,上市,2025-12-28,2025-12-28 06:35:39
3546,宇峻,tpex,上櫃,2025-12-28,2025-12-28 06:35:41
3548,兆利,tpex,上櫃,2025-12-28,2025-12-28 06:35:41
3550,聯穎,twse,上市,2025-12-28,2025-12-28 06:35:39
3551,世禾,tpex,上櫃,2025-12-28,2025-12-28 06:35:41
3552,同致,tpex,上櫃,2025-12-28,2025-12-28 06:35:41
3555,博士旺,tpex,上櫃,2025-12-28,2025-12-28 06:35:41
3556,禾瑞亞,tpex,上櫃,2025-12-28,2025-12-28 06:35:41
3557,嘉威,twse,上市,2025-12-28,2025-12-28 06:35:39
3558,神準,tpex,上櫃,2025-12-28,2025-12-28 06:35:41
3563,牧德,twse,上市,2025-12-28,2025-12-28 06:35:39
3564,其陽,tpex,上櫃,2025-12-28,2025-12-28 06:35:41
3567,逸昌,tpex,上櫃,2025-12-28,2025-12-28 06:35:41
3570,大塚,tpex,上櫃,2025-12-28,2025-12-28 06:35:41
3576,聯合再生,twse,上市,2025-12-28,2025-12-28 06:35:39
3577,泓格,tpex,上櫃,2025-12-28,2025-12-28 06:35:41
3580,友威科,tpex,上櫃,2025-12-28,2025-12-28 06:35:41
3581,博磊,tpex,上櫃,2025-12-28,2025-12-28 06:35:41
3583,辛耘,twse,上市,2025-12-28,2025-12-28 06:35:39
3587,閎康,tpex,上櫃,2025-12-28,2025-12-28 06:35:41
3588,通嘉,twse,上市,2025-12-28,2025-12-28 06:35:39
3591,艾笛森,twse,上市,2025-12-28,2025-12-28 06:35:39
3592,瑞鼎,twse,上市,2025-12-28,2025-12-28 06:35:39
3593,力銘,twse,上市,2025-12-28,2025-12-28 06:35:39
3594,磐儀,tpex,上櫃,2025-12-28,2025-12-28 06:35:41
3596,智易,twse,上市,2025-12-28,2025-12-28 06:35:39
3597,映興,tpex,上櫃,2025-12-28,2025-12-28 06:35:41
3605,宏致,twse,上市,2025-12-28,2025-12-28 06:35:39
3607,谷崧,twse,上市,2025-12-28,2025-12-28 06:35:39
3609,三一東林,tpex,上櫃,2025-12-28,2025-12-28 06:35:41
3611,鼎翰,tpex,上櫃,2025-12-28,2025-12-28 06:35:41
3615,安可,tpex,上櫃,2025-12-28,2025-12-28 06:35:41
3617,碩天,twse,上市,2025-12-28,2025-12-28 06:35:39
3622,洋華,twse,上市,2025-12-28,2025-12-28 06:35:39
3623,富晶通,tpex,上櫃,2025-12-28,2025-12-28 06:35:41
3624,光頡,tpex,上櫃,2025-12-28,2025-12-28 06:35:41
3625,西勝,tpex,上櫃,2025-12-28,2025-12-28 06:35:41
3628,盈正,tpex,上櫃,2025-12-28,2025-12-28 06:35:41
3629,地心引力,tpex,上櫃,2025-12-28,2025-12-28 06:35:41
3630,新鉅科,tpex,上櫃,2025-12-28,2025-12-28 06:35:41
3631,晟楠,tpex,上櫃,2025-12-28,2025-12-28 06:35:41
3632,研勤,tpex,上櫃,2025-12-28,2025-12-28 06:35:41
3645,達邁,twse,上市,2025-12-28,2025-12-28 06:35:39
3646,艾恩特,tpex,上櫃,2025-12-28,2025-12-28 06:35:41
3652,精聯,twse,上市,2025-12-28,2025-12-28 06:35:39
3653,健策,twse,上市,2025-12-28,2025-12-28 06:35:39
3661,世芯-KY,twse,上市,2025-12-28,2025-12-28 06:35:39
3663,鑫科,tpex,上櫃,2025-12-28,2025-12-28 06:35:41
3664,安瑞-KY,tpex,上櫃,2025-12-28,2025-12-28 06:35:41
3665,貿聯-KY,twse,上市,2025-12-28,2025-12-28 06:35:39
3666,光耀,tpex,上櫃,2025-12-28,2025-12-28 06:35:41
3669,圓展,twse,上市,2025-12-28,2025-12-28 06:35:39
3672,康聯訊,tpex,上櫃,2025-12-28,2025-12-28 06:35:41
3673,TPK-KY,twse,上市,2025-12-28,2025-12-28 06:35:39
3675,德微,tpex,上櫃,2025-12-28,2025-12-28 06:35:41
3679,新至陞,twse,上市,2025-12-28,2025-12-28 06:35:39
3680,家登,tpex,上櫃,2025-12-28,2025-12-28 06:35:41
3684,榮昌,tpex,上櫃,2025-12-28,2025-12-28 06:35:41
3685,元創精密,tpex,上櫃,2025-12-28,2025-12-28 06:35:41
3686,達能,twse,上市,2025-12-28,2025-12-28 06:35:39
3687,歐買尬,tpex,上櫃,2025-12-28,2025-12-28 06:35:41
3689,湧德,tpex,上櫃,2025-12-28,2025-12-28 06:35:41
3691,碩禾,tpex,上櫃,2025-12-28,2025-12-28 06:35:41
3693,營邦,tpex,上櫃,2025-12-28,2025-12-28 06:35:41
3694,海華,twse,上市,2025-12-28,2025-12-28 06:35:39
3701,大眾控,twse,上市,2025-12-28,2025-12-28 06:35:39
3702,大聯大,twse,上市,2025-12-28,2025-12-28 06:35:39
3703,欣陸,twse,上市,2025-12-28,2025-12-28 06:35:39
3704,合勤控,twse,上市,2025-12-28,2025-12-28 06:35:39
3705,永信,twse,上市,2025-12-28,2025-12-28 06:35:39
3706,神達,twse,上市,2025-12-28,2025-12-28 06:35:39
3707,漢磊,tpex,上櫃,2025-12-28,2025-12-28 06:35:41
3708,上緯投控,twse,上市,2025-12-28,2025-12-28 06:35:39
3709,鑫聯大投控,tpex,上櫃,2025-12-28,2025-12-28 06:35:41
3710,連展投控,tpex,上櫃,2025-12-28,2025-12-28 06:35:41
3711,日月光投控,twse,上市,2025-12-28,2025-12-28 06:35:39
3712,永崴投控,twse,上市,2025-12-28,2025-12-28 06:35:39
3713,新晶投控,tpex,上櫃,2025-12-28,2025-12-28 06:35:41
3714,富采,twse,上市,2025-12-28,2025-12-28 06:35:39
3715,定穎投控,twse,上市,2025-12-28,2025-12-28 06:35:39
3716,中化控股,twse,上市,2025-12-28,2025-12-28 06:35:39
3717,聯嘉投控,twse,上市,2025-12-28,2025-12-28 06:35:39
4102,永日,tpex,上櫃,2025-12-28,2025-12-28 06:35:41
4104,佳醫,twse,上市,2025-12-28,2025-12-28 06:35:39
4105,東洋,tpex,上櫃,2025-12-28,2025-12-28 06:35:41
4106,雃博,twse,上市,2025-12-28,2025-12-28 06:35:39
4107,邦特,tpex,上櫃,2025-12-28,2025-12-28 06:35:41
4108,懷特,twse,上市,2025-12-28,2025-12-28 06:35:39
4109,加捷生醫,tpex,上櫃,2025-12-28,2025-12-28 06:35:41
4111,濟生,tpex,上櫃,2025-12-28,2025-12-28 06:35:41
4113,聯上,tpex,上櫃,2025-12-28,2025-12-28 06:35:41
4114,健喬,tpex,上櫃,2025-12-28,2025-12-28 06:35:41
4116,明基醫,tpex,上櫃,2025-12-28,2025-12-28 06:35:41
4119,旭富,twse,上市,2025-12-28,2025-12-28 06:35:39
4120,友華,tpex,上櫃,2025-12-28,2025-12-28 06:35:41
4121,優盛,tpex,上櫃,2025-12-28,2025-12-28 06:35:41
4123,晟德,tpex,上櫃,2025-12-28,2025-12-28 06:35:41
4126,太醫,tpex,上櫃,2025-12-28,2025-12-28 06:35:41
4127,天良,tpex,上櫃,2025-12-28,2025-12-28 06:35:41
4128,中天,tpex,上櫃,2025-12-28,2025-12-28 06:35:41
4129,聯合,tpex,上櫃,2025-12-28,2025-12-28 06:35:41
4130,健亞,tpex,上櫃,2025-12-28,2025-12-28 06:35:41
4131,浩泰,tpex,上櫃,2025-12-28,2025-12-28 06:35:41
4133,亞諾法,twse,上市,2025-12-28,2025-12-28 06:35:39
4137,麗豐-KY,twse,上市,2025-12-28,2025-12-28 06:35:39
4138,曜亞,tpex,上櫃,2025-12-28,2025-12-28 06:35:41
4139,馬光-KY,tpex,上櫃,2025-12-28,2025-12-28 06:35:41
4142,國光生,twse,上市,2025-12-28,2025-12-28 06:35:39
4147,中裕,tpex,上櫃,2025-12-28,2025-12-28 06:35:41
4148,全宇生技-KY,twse,上市,2025-12-28,2025-12-28 06:35:39
4153,鈺緯,tpex,上櫃,2025-12-28,2025-12-28 06:35:41
4154,樂威科-KY,tpex,上櫃,2025-12-28,2025-12-28 06:35:41
4155,訊映,twse,上市,2025-12-28,2025-12-28 06:35:39
4157,太景*-KY,tpex,上櫃,2025-12-28,2025-12-28 06:35:41
4160,訊聯基因,tpex,上櫃,2025-12-28,2025-12-28 06:35:41
4161,聿新科,tpex,上櫃,2025-12-28,2025-12-28 06:35:41
4162,智擎,tpex,上櫃,2025-12-28,2025-12-28 06:35:41
4163,鐿鈦,tpex,上櫃,2025-12-28,2025-12-28 06:35:41
4164,承業醫,twse,上市,2025-12-28,2025-12-28 06:35:39
4166,友霖,tpex,上櫃,2025-12-28,2025-12-28 06:35:41
4167,松瑞藥,tpex,上櫃,2025-12-28,2025-12-28 06:35:41
4168,醣聯,tpex,上櫃,2025-12-28,2025-12-28 06:35:41
4171,瑞基,tpex,上櫃,2025-12-28,2025-12-28 06:35:41
4173,久裕,tpex,上櫃,2025-12-28,2025-12-28 06:35:41
4174,浩鼎,tpex,上櫃,2025-12-28,2025-12-28 06:35:41
4175,杏一,tpex,上櫃,2025-12-28,2025-12-28 06:35:41
4183,福永生技,tpex,上櫃,2025-12-28,2025-12-28 06:35:41
4188,安克,tpex,上櫃,2025-12-28,2025-12-28 06:35:41
4190,佐登-KY,twse,上市,2025-12-28,2025-12-28 06:35:39
4192,杏國,tpex,上櫃,2025-12-28,2025-12-28 06:35:41
4198,欣大健康,tpex,上櫃,2025-12-28,2025-12-28 06:35:41
4205,中華食,tpex,上櫃,2025-12-28,2025-12-28 06:35:41
4207,環泰,tpex,上櫃,2025-12-28,2025-12-28 06:35:41
4303,信立,tpex,上櫃,2025-12-28,2025-12-28 06:35:41
4304,勝昱,tpex,上櫃,2025-12-28,2025-12-28 06:35:41
4305,世坤,tpex,上櫃,2025-12-28,2025-12-28 06:35:41
4306,炎洲,twse,上市,2025-12-28,2025-12-28 06:35:39
4401,東隆興,tpex,上櫃,2025-12-28,2025-12-28 06:35:41
4402,郡都開發,tpex,上櫃,2025-12-28,2025-12-28 06:35:41
4406,新昕纖,tpex,上櫃,2025-12-28,2025-12-28 06:35:41
4413,飛寶企業,tpex,上櫃,2025-12-28,2025-12-28 06:35:41
4414,如興,twse,上市,2025-12-28,2025-12-28 06:35:39
4416,三圓,tpex,上櫃,2025-12-28,2025-12-28 06:35:41
4417,金洲,tpex,上櫃,2025-12-28,2025-12-28 06:35:41
4419,皇家美食,tpex,上櫃,2025-12-28,2025-12-28 06:35:41
4420,光明,tpex,上櫃,2025-12-28,2025-12-28 06:35:41
4426,利勤,twse,上市,2025-12-28,2025-12-28 06:35:39
4430,耀億,tpex,上櫃,2025-12-28,2025-12-28 06:35:41
4432,銘旺實,tpex,上櫃,2025-12-28,2025-12-28 06:35:41
4433,興采,tpex,上櫃,2025-12-28,2025-12-28 06:35:41
4438,廣越,twse,上市,2025-12-28,2025-12-28 06:35:39
4439,冠星-KY,twse,上市,2025-12-28,2025-12-28 06:35:39
4440,宜新實業,twse,上市,2025-12-28,2025-12-28 06:35:39
4441,振大環球,twse,上市,2025-12-28,2025-12-28 06:35:39
4442,竣邦-KY,tpex,上櫃,2025-12-28,2025-12-28 06:35:41
4502,健信,tpex,上櫃,2025-12-28,2025-12-28 06:35:41
4503,金雨,tpex,上櫃,2025-12-28,2025-12-28 06:35:41
4506,崇友,tpex,上櫃,2025-12-28,2025-12-28 06:35:41
4510,高鋒,tpex,上櫃,2025-12-28,2025-12-28 06:35:41
4513,福裕,tpex,上櫃,2025-12-28,2025-12-28 06:35:41
4523,永彰,tpex,上櫃,2025-12-28,2025-12-28 06:35:41
4526,東台,twse,上市,2025-12-28,2025-12-28 06:35:39
4527,方土霖,tpex,上櫃,2025-12-28,2025-12-28 06:35:41
4528,江興鍛,tpex,上櫃,2025-12-28,2025-12-28 06:35:41
4529,淳紳,tpex,上櫃,2025-12-28,2025-12-28 06:35:41
4532,瑞智,twse,上市,2025-12-28,2025-12-28 06:35:39
4533,協易機,tpex,上櫃,2025-12-28,2025-12-28 06:35:41
4534,慶騰,tpex,上櫃,2025-12-28,2025-12-28 06:35:41
4535,至興,tpex,上櫃,2025-12-28,2025-12-28 06:35:41
4536,拓凱,twse,上市,2025-12-28,2025-12-28 06:35:39
4538,大詠城,tpex,上櫃,2025-12-28,2025-12-28 06:35:41
4540,全球傳動,twse,上市,2025-12-28,2025-12-28 06:35:39
4541,晟田,tpex,上櫃,2025-12-28,2025-12-28 06:35:41
4542,科嶠,tpex,上櫃,2025-12-28,2025-12-28 06:35:41
4543,萬在,tpex,上櫃,2025-12-28,2025-12-28 06:35:41
4545,銘鈺,twse,上市,2025-12-28,2025-12-28 06:35:39
4549,桓達,tpex,上櫃,2025-12-28,2025-12-28 06:35:41
4550,長佳,tpex,上櫃,2025-12-28,2025-12-28 06:35:41
4551,智伸科,twse,上市,2025-12-28,2025-12-28 06:35:39
4552,力達-KY,twse,上市,2025-12-28,2025-12-28 06:35:39
4554,橙的,tpex,上櫃,2025-12-28,2025-12-28 06:35:41
4555,氣立,twse,上市,2025-12-28,2025-12-28 06:35:39
4556,旭然,tpex,上櫃,2025-12-28,2025-12-28 06:35:41
4557,永新-KY,twse,上市,2025-12-28,2025-12-28 06:35:39
4558,寶緯,tpex,上櫃,2025-12-28,2025-12-28 06:35:41
4560,強信-KY,twse,上市,2025-12-28,2025-12-28 06:35:39
4561,健椿,tpex,上櫃,2025-12-28,2025-12-28 06:35:41
4562,穎漢,twse,上市,2025-12-28,2025-12-28 06:35:39
4563,百德,tpex,上櫃,2025-12-28,2025-12-28 06:35:41
4564,元翎,twse,上市,2025-12-28,2025-12-28 06:35:39
4566,時碩工業,twse,上市,2025-12-28,2025-12-28 06:35:39
4568,科際精密,tpex,上櫃,2025-12-28,2025-12-28 06:35:41
4569,六方科-KY,twse,上市,2025-12-28,2025-12-28 06:35:39
4571,鈞興-KY,twse,上市,2025-12-28,2025-12-28 06:35:39
4572,駐龍,twse,上市,2025-12-28,2025-12-28 06:35:39
4576,大銀微系統,twse,上市,2025-12-28,2025-12-28 06:35:39
4577,達航科技,tpex,上櫃,2025-12-28,2025-12-28 06:35:41
4580,捷流閥業,tpex,上櫃,2025-12-28,2025-12-28 06:35:41
4581,光隆精密-KY,twse,上市,2025-12-28,2025-12-28 06:35:39
4583,台灣精銳,twse,上市,2025-12-28,2025-12-28 06:35:39
4584,君帆,tpex,上櫃,2025-12-28,2025-12-28 06:35:41
4585,達明,twse,上市,2025-12-28,2025-12-28 06:35:39
4588,玖鼎電力,twse,上市,2025-12-28,2025-12-28 06:35:39
4609,唐鋒,tpex,上櫃,2025-12-28,2025-12-28 06:35:41
4702,中美實,tpex,上櫃,2025-12-28,2025-12-28 06:35:41
4706,大恭,tpex,上櫃,2025-12-28,2025-12-28 06:35:41
4707,磐亞,tpex,上櫃,2025-12-28,2025-12-28 06:35:41
4711,永純,tpex,上櫃,2025-12-28,2025-12-28 06:35:41
4714,永捷,tpex,上櫃,2025-12-28,2025-12-28 06:35:41
4716,大立,tpex,上櫃,2025-12-28,2025-12-28 06:35:41
4720,德淵,twse,上市,2025-12-28,2025-12-28 06:35:39
4721,美琪瑪,tpex,上櫃,2025-12-28,2025-12-28 06:35:41
4722,國精化,twse,上市,2025-12-28,2025-12-28 06:35:39
4726,永昕,tpex,上櫃,2025-12-28,2025-12-28 06:35:41
4728,雙美,tpex,上櫃,2025-12-28,2025-12-28 06:35:41
4729,熒茂,tpex,上櫃,2025-12-28,2025-12-28 06:35:41
4735,豪展,tpex,上櫃,2025-12-28,2025-12-28 06:35:41
4736,泰博,twse,上市,2025-12-28,2025-12-28 06:35:39
4737,華廣,twse,上市,2025-12-28,2025-12-28 06:35:39
4739,康普,twse,上市,2025-12-28,2025-12-28 06:35:39
4741,泓瀚,tpex,上櫃,2025-12-28,2025-12-28 06:35:41
4743,合一,tpex,上櫃,2025-12-28,2025-12-28 06:35:41
4744,皇將,tpex,上櫃,2025-12-28,2025-12-28 06:35:41
4745,合富-KY,tpex,上櫃,2025-12-28,2025-12-28 06:35:41
4746,台耀,twse,上市,2025-12-28,2025-12-28 06:35:39
4747,強生,tpex,上櫃,2025-12-28,2025-12-28 06:35:41
4749,新應材,tpex,上櫃,2025-12-28,2025-12-28 06:35:41
4754,國碳科,tpex,上櫃,2025-12-28,2025-12-28 06:35:41
4755,三福化,twse,上市,2025-12-28,2025-12-28 06:35:39
4760,勤凱,tpex,上櫃,2025-12-28,2025-12-28 06:35:41
4763,材料*-KY,twse,上市,2025-12-28,2025-12-28 06:35:39
4764,雙鍵,twse,上市,2025-12-28,2025-12-28 06:35:39
4766,南寶,twse,上市,2025-12-28,2025-12-28 06:35:39
4767,誠泰科技,tpex,上櫃,2025-12-28,2025-12-28 06:35:41
4768,晶呈科技,tpex,上櫃,2025-12-28,2025-12-28 06:35:41
4770,上品,twse,上市,2025-12-28,2025-12-28 06:35:39
4771,望隼,twse,上市,2025-12-28,2025-12-28 06:35:39
4772,台特化,tpex,上櫃,2025-12-28,2025-12-28 06:35:41
4804,大略-KY,tpex,上櫃,2025-12-28,2025-12-28 06:35:41
4806,桂田文創,tpex,上櫃,2025-12-28,2025-12-28 06:35:41
4807,日成-KY,twse,上市,2025-12-28,2025-12-28 06:35:39
4903,聯光通,tpex,上櫃,2025-12-28,2025-12-28 06:35:41
4904,遠傳,twse,上市,2025-12-28,2025-12-28 06:35:39
4905,台聯電,tpex,上櫃,2025-12-28,2025-12-28 06:35:41
4906,正文,twse,上市,2025-12-28,2025-12-28 06:35:39
4907,富宇,tpex,上櫃,2025-12-28,2025-12-28 06:35:41
4908,前鼎,tpex,上櫃,2025-12-28,2025-12-28 06:35:41
4909,新復興,tpex,上櫃,2025-12-28,2025-12-28 06:35:41
4911,德英,tpex,上櫃,2025-12-28,2025-12-28 06:35:41
4912,聯德控股-KY,twse,上市,2025-12-28,2025-12-28 06:35:39
4915,致伸,twse,上市,2025-12-28,2025-12-28 06:35:39
4916,事欣科,twse,上市,2025-12-28,2025-12-28 06:35:39
4919,新唐,twse,上市,2025-12-28,2025-12-28 06:35:39
4923,力士,tpex,上櫃,2025-12-28,2025-12-28 06:35:41
4924,欣厚-KY,tpex,上櫃,2025-12-28,2025-12-28 06:35:41
4927,泰鼎-KY,twse,上市,2025-12-28,2025-12-28 06:35:39
4930,燦星網,twse,上市,2025-12-28,2025-12-28 06:35:39
4931,新盛力,tpex,上櫃,2025-12-28,2025-12-28 06:35:41
4933,友輝,tpex,上櫃,2025-12-28,2025-12-28 06:35:41
4934,太極,twse,上市,2025-12-28,2025-12-28 06:35:39
4935,茂林-KY,twse,上市,2025-12-28,2025-12-28 06:35:39
4938,和碩,twse,上市,2025-12-28,2025-12-28 06:35:39
4939,亞電,tpex,上櫃,2025-12-28,2025-12-28 06:35:41
4942,嘉彰,twse,上市,2025-12-28,2025-12-28 06:35:39
4943,康控-KY,twse,上市,2025-12-28,2025-12-28 06:35:39
4946,辣椒,tpex,上櫃,2025-12-28,2025-12-28 06:35:41
4949,有成精密,twse,上市,2025-12-28,2025-12-28 06:35:39
4950,金耘國際,tpex,上櫃,2025-12-28,2025-12-28 06:35:41
4951,精拓科,tpex,上櫃,2025-12-28,2025-12-28 06:35:41
4952,凌通,twse,上市,2025-12-28,2025-12-28 06:35:39
4953,緯軟,tpex,上櫃,2025-12-28,2025-12-28 06:35:41
4956,光鋐,twse,上市,2025-12-28,2025-12-28 06:35:39
4958,臻鼎-KY,twse,上市,2025-12-28,2025-12-28 06:35:39
4960,誠美材,twse,上市,2025-12-28,2025-12-28 06:35:39
4961,天鈺,twse,上市,2025-12-28,2025-12-28 06:35:39
4966,譜瑞-KY,tpex,上櫃,2025-12-28,2025-12-28 06:35:41
4967,十銓,twse,上市,2025-12-28,2025-12-28 06:35:39
4968,立積,twse,上市,2025-12-28,2025-12-28 06:35:39
4971,IET-KY,tpex,上櫃,2025-12-28,2025-12-28 06:35:41
4972,湯石照明,tpex,上櫃,2025-12-28,2025-12-28 06:35:41
4973,廣穎,tpex,上櫃,2025-12-28,2025-12-28 06:35:41
4974,亞泰,tpex,上櫃,2025-12-28,2025-12-28 06:35:41
4976,佳凌,twse,上市,2025-12-28,2025-12-28 06:35:39
4977,眾達-KY,twse,上市,2025-12-28,2025-12-28 06:35:39
4979,華星光,tpex,上櫃,2025-12-28,2025-12-28 06:35:41
4987,科誠,tpex,上櫃,2025-12-28,2025-12-28 06:35:41
4989,榮科,twse,上市,2025-12-28,2025-12-28 06:35:39
4991,環宇-KY,tpex,上櫃,2025-12-28,2025-12-28 06:35:41
4994,傳奇,twse,上市,2025-12-28,2025-12-28 06:35:39
4995,晶達,tpex,上櫃,2025-12-28,2025-12-28 06:35:41
4999,鑫禾,twse,上市,2025-12-28,2025-12-28 06:35:39
5007,三星,twse,上市,2025-12-28,2025-12-28 06:35:39
5009,榮剛,tpex,上櫃,2025-12-28,2025-12-28 06:35:41
5011,久陽,tpex,上櫃,2025-12-28,2025-12-28 06:35:41
5013,強新,tpex,上櫃,2025-12-28,2025-12-28 06:35:41
5014,建錩,tpex,上櫃,2025-12-28,2025-12-28 06:35:41
5015,華祺,tpex,上櫃,2025-12-28,2025-12-28 06:35:41
5016,松和,tpex,上櫃,2025-12-28,2025-12-28 06:35:41
5201,凱衛,tpex,上櫃,2025-12-28,2025-12-28 06:35:41
5202,力新,tpex,上櫃,2025-12-28,2025-12-28 06:35:41
5203,訊連,twse,上市,2025-12-28,2025-12-28 06:35:39
5205,中茂,tpex,上櫃,2025-12-28,2025-12-28 06:35:41
5206,坤悅,tpex,上櫃,2025-12-28,2025-12-28 06:35:41
5209,新鼎,tpex,上櫃,2025-12-28,2025-12-28 06:35:41
5210,寶碩,tpex,上櫃,2025-12-28,2025-12-28 06:35:41
5211,蒙恬,tpex,上櫃,2025-12-28,2025-12-28 06:35:41
5212,凌網,tpex,上櫃,2025-12-28,2025-12-28 06:35:41
5213,亞昕,tpex,上櫃,2025-12-28,2025-12-28 06:35:41
5215,科嘉-KY,twse,上市,2025-12-28,2025-12-28 06:35:39
5220,萬達光電,tpex,上櫃,2025-12-28,2025-12-28 06:35:41
5222,全訊,twse,上市,2025-12-28,2025-12-28 06:35:39
5223,安力-KY,tpex,上櫃,2025-12-28,2025-12-28 06:35:41
5225,東科-KY,twse,上市,2025-12-28,2025-12-28 06:35:39
5227,立凱-KY,tpex,上櫃,2025-12-28,2025-12-28 06:35:41
5228,鈺鎧,tpex,上櫃,2025-12-28,2025-12-28 06:35:41
5230,雷笛克光學,tpex,上櫃,2025-12-28,2025-12-28 06:35:41
5234,達興材料,twse,上市,2025-12-28,2025-12-28 06:35:39
5236,凌陽創新,tpex,上櫃,2025-12-28,2025-12-28 06:35:41
5243,乙盛-KY,twse,上市,2025-12-28,2025-12-28 06:35:39
5244,弘凱,twse,上市,2025-12-28,2025-12-28 06:35:39
5245,智晶,tpex,上櫃,2025-12-28,2025-12-28 06:35:41
5251,天鉞電,tpex,上櫃,2025-12-28,2025-12-28 06:35:41
5258,虹堡,twse,上市,2025-12-28,2025-12-28 06:35:39
5263,智崴,tpex,上櫃,2025-12-28,2025-12-28 06:35:41
5269,祥碩,twse,上市,2025-12-28,2025-12-28 06:35:39
5272,笙科,tpex,上櫃,2025-12-28,2025-12-28 06:35:41
5274,信驊,tpex,上櫃,2025-12-28,2025-12-28 06:35:41
5276,達輝-KY,tpex,上櫃,2025-12-28,2025-12-28 06:35:41
5278,尚凡*,tpex,上櫃,2025-12-28,2025-12-28 06:35:41
5283,禾聯碩,twse,上市,2025-12-28,2025-12-28 06:35:39
5284,jpp-KY,twse,上市,2025-12-28,2025-12-28 06:35:39
5285,界霖,twse,上市,2025-12-28,2025-12-28 06:35:39
5287,數字,tpex,上櫃,2025-12-28,2025-12-28 06:35:41
5288,豐祥-KY,twse,上市,2025-12-28,2025-12-28 06:35:39
5289,宜鼎,tpex,上櫃,2025-12-28,2025-12-28 06:35:41
5291,邑昇,tpex,上櫃,2025-12-28,2025-12-28 06:35:41
5292,華懋,twse,上市,2025-12-28,2025-12-28 06:35:39
5299,杰力,tpex,上櫃,2025-12-28,2025-12-28 06:35:41
5301,寶得利,tpex,上櫃,2025-12-28,2025-12-28 06:35:41
5302,太欣,tpex,上櫃,2025-12-28,2025-12-28 06:35:41
5306,桂盟,twse,上市,2025-12-28,2025-12-28 06:35:39
5309,系統電,tpex,上櫃,2025-12-28,2025-12-28 06:35:41
5310,天剛,tpex,上櫃,2025-12-28,2025-12-28 06:35:41
5312,寶島科,tpex,上櫃,2025-12-28,2025-12-28 06:35:41
5314,世紀*,tpex,上櫃,2025-12-28,2025-12-28 06:35:41
5315,光聯,tpex,上櫃,2025-12-28,2025-12-28 06:35:41
5321,美而快,tpex,上櫃,2025-12-28,2025-12-28 06:35:41
5324,士開,tpex,上櫃,2025-12-28,2025-12-28 06:35:41
5328,華容,tpex,上櫃,2025-12-28,2025-12-28 06:35:41
5340,建榮,tpex,上櫃,2025-12-28,2025-12-28 06:35:41
5344,立衛,tpex,上櫃,2025-12-28,2025-12-28 06:35:41
5345,馥鴻,tpex,上櫃,2025-12-28,2025-12-28 06:35:41
5347,世界,tpex,上櫃,2025-12-28,2025-12-28 06:35:41
5348,正能量智能,tpex,上櫃,2025-12-28,2025-12-28 06:35:41
5351,鈺創,tpex,上櫃,2025-12-28,2025-12-28 06:35:41
5353,台林,tpex,上櫃,2025-12-28,2025-12-28 06:35:41
5355,佳總,tpex,上櫃,2025-12-28,2025-12-28 06:35:41
5356,協益,tpex,上櫃,2025-12-28,2025-12-28 06:35:41
5364,力麗店,tpex,上櫃,2025-12-28,2025-12-28 06:35:41
5371,中光電,tpex,上櫃,2025-12-28,2025-12-28 06:35:41
5381,合正,tpex,上櫃,2025-12-28,2025-12-28 06:35:41
5386,青雲,tpex,上櫃,2025-12-28,2025-12-28 06:35:41
5388,中磊,twse,上市,2025-12-28,2025-12-28 06:35:39
5392,能率,tpex,上櫃,2025-12-28,2025-12-28 06:35:41
5398,慕康生醫,tpex,上櫃,2025-12-28,2025-12-28 06:35:41
5403,中菲,tpex,上櫃,2025-12-28,2025-12-28 06:35:41
5410,國眾,tpex,上櫃,2025-12-28,2025-12-28 06:35:41
5425,台半,tpex,上櫃,2025-12-28,2025-12-28 06:35:41
5426,振發,tpex,上櫃,2025-12-28,2025-12-28 06:35:41
5432,新門,tpex,上櫃,2025-12-28,2025-12-28 06:35:41
5434,崇越,twse,上市,2025-12-28,2025-12-28 06:35:39
5438,東友,tpex,上櫃,2025-12-28,2025-12-28 06:35:41
5439,高技,tpex,上櫃,2025-12-28,2025-12-28 06:35:41
5443,均豪,tpex,上櫃,2025-12-28,2025-12-28 06:35:41
5450,南良,tpex,上櫃,2025-12-28,2025-12-28 06:35:41
5452,佶優,tpex,上櫃,2025-12-28,2025-12-28 06:35:41
5455,昇益,tpex,上櫃,2025-12-28,2025-12-28 06:35:41
5457,宣德,tpex,上櫃,2025-12-28,2025-12-28 06:35:41
5460,同協,tpex,上櫃,2025-12-28,2025-12-28 06:35:41
5464,霖宏,tpex,上櫃,2025-12-28,2025-12-28 06:35:41
5465,富驊,tpex,上櫃,2025-12-28,2025-12-28 06:35:41
5468,凱鈺,tpex,上櫃,2025-12-28,2025-12-28 06:35:41
5469,瀚宇博,twse,上市,2025-12-28,2025-12-28 06:35:39
5471,松翰,twse,上市,2025-12-28,2025-12-28 06:35:39
5474,聰泰,tpex,上櫃,2025-12-28,2025-12-28 06:35:41
5475,德宏,tpex,上櫃,2025-12-28,2025-12-28 06:35:41
5478,智冠,tpex,上櫃,2025-12-28,2025-12-28 06:35:41
5481,新華,tpex,上櫃,2025-12-28,2025-12-28 06:35:41
5483,中美晶,tpex,上櫃,2025-12-28,2025-12-28 06:35:41
5484,慧友,twse,上市,2025-12-28,2025-12-28 06:35:39
5487,通泰,tpex,上櫃,2025-12-28,2025-12-28 06:35:41
5488,松普,tpex,上櫃,2025-12-28,2025-12-28 06:35:41
5489,彩富,tpex,上櫃,2025-12-28,2025-12-28 06:35:41
5490,同亨,tpex,上櫃,2025-12-28,2025-12-28 06:35:41
5493,三聯,tpex,上櫃,2025-12-28,2025-12-28 06:35:41
5498,凱崴,tpex,上櫃,2025-12-28,2025-12-28 06:35:41
5508,永信建,tpex,上櫃,2025-12-28,2025-12-28 06:35:41
5511,德昌,tpex,上櫃,2025-12-28,2025-12-28 06:35:41
5512,力麒,tpex,上櫃,2025-12-28,2025-12-28 06:35:41
5514,三豐,tpex,上櫃,2025-12-28,2025-12-28 06:35:41
5515,建國,twse,上市,2025-12-28,2025-12-28 06:35:39
5516,雙喜,tpex,上櫃,2025-12-28,2025-12-28 06:35:41
5519,隆大,twse,上市,2025-12-28,2025-12-28 06:35:39
5520,力泰,tpex,上櫃,2025-12-28,2025-12-28 06:35:41
5521,工信,twse,上市,2025-12-28,2025-12-28 06:35:39
5522,遠雄,twse,上市,2025-12-28,2025-12-28 06:35:39
5523,豐謙,tpex,上櫃,2025-12-28,2025-12-28 06:35:41
5525,順天,twse,上市,2025-12-28,2025-12-28 06:35:39
5529,鉅陞,tpex,上櫃,2025-12-28,2025-12-28 06:35:41
5530,龍巖,tpex,上櫃,2025-12-28,2025-12-28 06:35:41
5531,鄉林,twse,上市,2025-12-28,2025-12-28 06:35:39
5533,皇鼎,twse,上市,2025-12-28,2025-12-28 06:35:39
5534,長虹,twse,上市,2025-12-28,2025-12-28 06:35:39
5536,聖暉*,tpex,上櫃,2025-12-28,2025-12-28 06:35:41
5538,東明-KY,twse,上市,2025-12-28,2025-12-28 06:35:39
5543,桓鼎-KY,tpex,上櫃,2025-12-28,2025-12-28 06:35:41
5546,永固-KY,twse,上市,2025-12-28,2025-12-28 06:35:39
5548,安倉,tpex,上櫃,2025-12-28,2025-12-28 06:35:41
5601,台聯櫃,tpex,上櫃,2025-12-28,2025-12-28 06:35:41
5603,陸海,tpex,上櫃,2025-12-28,2025-12-28 06:35:41
5604,中連,tpex,上櫃,2025-12-28,2025-12-28 06:35:41
5607,遠雄港,twse,上市,2025-12-28,2025-12-28 06:35:39
5608,四維航,twse,上市,2025-12-28,2025-12-28 06:35:39
5609,中菲行,tpex,上櫃,2025-12-28,2025-12-28 06:35:41
5701,劍湖山,tpex,上櫃,2025-12-28,2025-12-28 06:35:41
5703,亞都,tpex,上櫃,2025-12-28,2025-12-28 06:35:41
5704,老爺知,tpex,上櫃,2025-12-28,2025-12-28 06:35:41
5706,鳳凰,twse,上市,2025-12-28,2025-12-28 06:35:39
5864,致和證,tpex,上櫃,2025-12-28,2025-12-28 06:35:41
5871,中租-KY,twse,上市,2025-12-28,2025-12-28 06:35:39
5876,上海商銀,twse,上市,2025-12-28,2025-12-28 06:35:39
5878,台名,tpex,上櫃,2025-12-28,2025-12-28 06:35:41
5880,合庫金,twse,上市,2025-12-28,2025-12-28 06:35:39
5902,德記,tpex,上櫃,2025-12-28,2025-12-28 06:35:41
5903,全家,tpex,上櫃,2025-12-28,2025-12-28 06:35:41
5904,寶雅,tpex,上櫃,2025-12-28,2025-12-28 06:35:41
5905,南仁湖,tpex,上櫃,2025-12-28,2025-12-28 06:35:41
5906,台南-KY,twse,上市,2025-12-28,2025-12-28 06:35:39
5907,大洋-KY,twse,上市,2025-12-28,2025-12-28 06:35:39
6005,群益證,twse,上市,2025-12-28,2025-12-28 06:35:39
6015,宏遠證,tpex,上櫃,2025-12-28,2025-12-28 06:35:41
6016,康和證,tpex,上櫃,2025-12-28,2025-12-28 06:35:41
6020,大展證,tpex,上櫃,2025-12-28,2025-12-28 06:35:41
6021,美好證,tpex,上櫃,2025-12-28,2025-12-28 06:35:41
6023,元大期,tpex,上櫃,2025-12-28,2025-12-28 06:35:41
6024,群益期,twse,上市,2025-12-28,2025-12-28 06:35:39
6026,福邦證,tpex,上櫃,2025-12-28,2025-12-28 06:35:41
6101,寬魚國際,tpex,上櫃,2025-12-28,2025-12-28 06:35:41
6103,合邦,tpex,上櫃,2025-12-28,2025-12-28 06:35:41
6104,創惟,tpex,上櫃,2025-12-28,2025-12-28 06:35:41
6108,競國,twse,上市,2025-12-28,2025-12-28 06:35:39
6109,亞元,tpex,上櫃,2025-12-28,2025-12-28 06:35:41
6111,大宇資,tpex,上櫃,2025-12-28,2025-12-28 06:35:41
6112,邁達特,twse,上市,2025-12-28,2025-12-28 06:35:39
6113,亞矽,tpex,上櫃,2025-12-28,2025-12-28 06:35:41
6114,久威,tpex,上櫃,2025-12-28,2025-12-28 06:35:41
6115,鎰勝,twse,上市,2025-12-28,2025-12-28 06:35:39
6116,彩晶,twse,上市,2025-12-28,2025-12-28 06:35:39
6117,迎廣,twse,上市,2025-12-28,2025-12-28 06:35:39
6118,建達,tpex,上櫃,2025-12-28,2025-12-28 06:35:41
6120,達運,twse,上市,2025-12-28,2025-12-28 06:35:39
6121,新普,tpex,上櫃,2025-12-28,2025-12-28 06:35:41
6122,擎邦,tpex,上櫃,2025-12-28,2025-12-28 06:35:41
6123,上奇,tpex,上櫃,2025-12-28,2025-12-28 06:35:41
6124,業強,tpex,上櫃,2025-12-28,2025-12-28 06:35:41
6125,廣運,tpex,上櫃,2025-12-28,2025-12-28 06:35:41
6126,信音,tpex,上櫃,2025-12-28,2025-12-28 06:35:41
6127,九豪,tpex,上櫃,2025-12-28,2025-12-28 06:35:41
6128,上福,twse,上市,2025-12-28,2025-12-28 06:35:39
6129,普誠,tpex,上櫃,2025-12-28,2025-12-28 06:35:41
6130,上亞科技,tpex,上櫃,2025-12-28,2025-12-28 06:35:41
6133,金橋,twse,上市,2025-12-28,2025-12-28 06:35:39
6134,萬旭,tpex,上櫃,2025-12-28,2025-12-28 06:35:41
6136,富爾特,twse,上市,2025-12-28,2025-12-28 06:35:39
6138,茂達,tpex,上櫃,2025-12-28,2025-12-28 06:35:41
6139,亞翔,twse,上市,2025-12-28,2025-12-28 06:35:39
6140,訊達,tpex,上櫃,2025-12-28,2025-12-28 06:35:41
6141,柏承,twse,上市,2025-12-28,2025-12-28 06:35:39
6142,友勁,twse,上市,2025-12-28,2025-12-28 06:35:39
6143,振曜,tpex,上櫃,2025-12-28,2025-12-28 06:35:41
6144,得利影,tpex,上櫃,2025-12-28,2025-12-28 06:35:41
6146,耕興,tpex,上櫃,2025-12-28,2025-12-28 06:35:41
6147,頎邦,tpex,上櫃,2025-12-28,2025-12-28 06:35:41
6148,驊宏資,tpex,上櫃,2025-12-28,2025-12-28 06:35:41
6150,撼訊,tpex,上櫃,2025-12-28,2025-12-28 06:35:41
6151,晉倫,tpex,上櫃,2025-12-28,2025-12-28 06:35:41
6152,百一,twse,上市,2025-12-28,2025-12-28 06:35:39
6153,嘉聯益,twse,上市,2025-12-28,2025-12-28 06:35:39
6154,順發,tpex,上櫃,2025-12-28,2025-12-28 06:35:41
6155,鈞寶,twse,上市,2025-12-28,2025-12-28 06:35:39
6156,松上,tpex,上櫃,2025-12-28,2025-12-28 06:35:41
6158,禾昌,tpex,上櫃,2025-12-28,2025-12-28 06:35:41
6160,欣技,tpex,上櫃,2025-12-28,2025-12-28 06:35:41
6161,捷波,tpex,上櫃,2025-12-28,2025-12-28 06:35:41
6163,華電網,tpex,上櫃,2025-12-28,2025-12-28 06:35:41
6164,華興,twse,上市,2025-12-28,2025-12-28 06:35:39
6165,浪凡,twse,上市,2025-12-28,2025-12-28 06:35:39
6166,凌華,twse,上市,2025-12-28,2025-12-28 06:35:39
6167,久正,tpex,上櫃,2025-12-28,2025-12-28 06:35:41
6168,宏齊,twse,上市,2025-12-28,2025-12-28 06:35:39
6169,昱泉,tpex,上櫃,2025-12-28,2025-12-28 06:35:41
6170,統振,tpex,上櫃,2025-12-28,2025-12-28 06:35:41
6171,大城地產,tpex,上櫃,2025-12-28,2025-12-28 06:35:41
6173,信昌電,tpex,上櫃,2025-12-28,2025-12-28 06:35:41
6174,安碁,tpex,上櫃,2025-12-28,2025-12-28 06:35:41
6175,立敦,tpex,上櫃,2025-12-28,2025-12-28 06:35:41
6176,瑞儀,twse,上市,2025-12-28,2025-12-28 06:35:39
6177,達麗,twse,上市,2025-12-28,2025-12-28 06:35:39
6179,亞通,tpex,上櫃,2025-12-28,2025-12-28 06:35:41
6180,橘子,tpex,上櫃,2025-12-28,2025-12-28 06:35:41
6182,合晶,tpex,上櫃,2025-12-28,2025-12-28 06:35:41
6183,關貿,twse,上市,2025-12-28,2025-12-28 06:35:39
6184,大豐電,twse,上市,2025-12-28,2025-12-28 06:35:39
6185,幃翔,tpex,上櫃,2025-12-28,2025-12-28 06:35:41
6186,新潤,tpex,上櫃,2025-12-28,2025-12-28 06:35:41
6187,萬潤,tpex,上櫃,2025-12-28,2025-12-28 06:35:41
6188,廣明,tpex,上櫃,2025-12-28,2025-12-28 06:35:41
6189,豐藝,twse,上市,2025-12-28,2025-12-28 06:35:39
6190,萬泰科,tpex,上櫃,2025-12-28,2025-12-28 06:35:41
6191,精成科,twse,上市,2025-12-28,2025-12-28 06:35:39
6192,巨路,twse,上市,2025-12-28,2025-12-28 06:35:39
6194,育富,tpex,上櫃,2025-12-28,2025-12-28 06:35:41
6195,詩肯,tpex,上櫃,2025-12-28,2025-12-28 06:35:41
6196,帆宣,twse,上市,2025-12-28,2025-12-28 06:35:39
6197,佳必琪,twse,上市,2025-12-28,2025-12-28 06:35:39
6198,瑞築,tpex,上櫃,2025-12-28,2025-12-28 06:35:41
6199,天品,tpex,上櫃,2025-12-28,2025-12-28 06:35:41
6201,亞弘電,twse,上市,2025-12-28,2025-12-28 06:35:39
6202,盛群,twse,上市,2025-12-28,2025-12-28 06:35:39
6203,海韻電,tpex,上櫃,2025-12-28,2025-12-28 06:35:41
6204,艾華,tpex,上櫃,2025-12-28,2025-12-28 06:35:41
6205,詮欣,twse,上市,2025-12-28,2025-12-28 06:35:39
6206,飛捷,twse,上市,2025-12-28,2025-12-28 06:35:39
6207,雷科,tpex,上櫃,2025-12-28,2025-12-28 06:35:41
6208,日揚,tpex,上櫃,2025-12-28,2025-12-28 06:35:41
6209,今國光,twse,上市,2025-12-28,2025-12-28 06:35:39
6210,慶生,tpex,上櫃,2025-12-28,2025-12-28 06:35:41
6212,理銘,tpex,上櫃,2025-12-28,2025-12-28 06:35:41
6213,聯茂,twse,上市,2025-12-28,2025-12-28 06:35:39
6214,精誠,twse,上市,2025-12-28,2025-12-28 06:35:39
6215,和椿,twse,上市,2025-12-28,2025-12-28 06:35:39
6216,居易,twse,上市,2025-12-28,2025-12-28 06:35:39
6217,中探針,tpex,上櫃,2025-12-28,2025-12-28 06:35:41
6218,豪勉,tpex,上櫃,2025-12-28,2025-12-28 06:35:41
6219,富旺,tpex,上櫃,2025-12-28,2025-12-28 06:35:41
6220,岳豐,tpex,上櫃,2025-12-28,2025-12-28 06:35:41
6221,晉泰,tpex,上櫃,2025-12-28,2025-12-28 06:35:41
6222,立軒,tpex,上櫃,2025-12-28,2025-12-28 06:35:41
6223,旺矽,tpex,上櫃,2025-12-28,2025-12-28 06:35:41
6224,聚鼎,twse,上市,2025-12-28,2025-12-28 06:35:39
6225,天瀚,twse,上市,2025-12-28,2025-12-28 06:35:39
6226,光鼎,twse,上市,2025-12-28,2025-12-28 06:35:39
6227,茂綸,tpex,上櫃,2025-12-28,2025-12-28 06:35:41
6228,全譜,tpex,上櫃,2025-12-28,2025-12-28 06:35:41
6229,研通,tpex,上櫃,2025-12-28,2025-12-28 06:35:41
6230,尼得科超眾,twse,上市,2025-12-28,2025-12-28 06:35:39
6231,系微,tpex,上櫃,2025-12-28,2025-12-28 06:35:41
6233,旺玖,tpex,上櫃,2025-12-28,2025-12-28 06:35:41
6234,高僑,tpex,上櫃,2025-12-28,2025-12-28 06:35:41
6235,華孚,twse,上市,2025-12-28,2025-12-28 06:35:39
6236,中湛,tpex,上櫃,2025-12-28,2025-12-28 06:35:41
6237,驊訊,tpex,上櫃,2025-12-28,2025-12-28 06:35:41
6239,力成,twse,上市,2025-12-28,2025-12-28 06:35:39
6240,松崗,tpex,上櫃,2025-12-28,2025-12-28 06:35:41
6241,易通展,tpex,上櫃,2025-12-28,2025-12-28 06:35:41
6242,立康,tpex,上櫃,2025-12-28,2025-12-28 06:35:41
6243,迅杰,twse,上市,2025-12-28,2025-12-28 06:35:39
6244,茂迪,tpex,上櫃,2025-12-28,2025-12-28 06:35:41
6245,立端,tpex,上櫃,2025-12-28,2025-12-28 06:35:41
6246,臺龍,tpex,上櫃,2025-12-28,2025-12-28 06:35:41
6248,沛波,tpex,上櫃,2025-12-28,2025-12-28 06:35:41
6257,矽格,twse,上市,2025-12-28,2025-12-28 06:35:39
6259,百徽,tpex,上櫃,2025-12-28,2025-12-28 06:35:41
6261,久元,tpex,上櫃,2025-12-28,2025-12-28 06:35:41
6263,普萊德,tpex,上櫃,2025-12-28,2025-12-28 06:35:41
6264,富裔,tpex,上櫃,2025-12-28,2025-12-28 06:35:41
6265,方土昶,tpex,上櫃,2025-12-28,2025-12-28 06:35:41
6266,泰詠,tpex,上櫃,2025-12-28,2025-12-28 06:35:41
6269,台郡,twse,上市,2025-12-28,2025-12-28 06:35:39
6270,倍微,tpex,上櫃,2025-12-28,2025-12-28 06:35:41
6271,同欣電,twse,上市,2025-12-28,2025-12-28 06:35:39
6272,驊陞,twse,上市,2025-12-28,2025-12-28 06:35:39
6274,台燿,tpex,上櫃,2025-12-28,2025-12-28 06:35:41
6275,元山,tpex,上櫃,2025-12-28,2025-12-28 06:35:41
6276,安鈦克,tpex,上櫃,2025-12-28,2025-12-28 06:35:41
6277,宏正,twse,上市,2025-12-28,2025-12-28 06:35:39
6278,台表科,twse,上市,2025-12-28,2025-12-28 06:35:39
6279,胡連,tpex,上櫃,2025-12-28,2025-12-28 06:35:41
6281,全國電,twse,上市,2025-12-28,2025-12-28 06:35:39
6282,康舒,twse,上市,2025-12-28,2025-12-28 06:35:39
6283,淳安,twse,上市,2025-12-28,2025-12-28 06:35:39
6284,佳邦,tpex,上櫃,2025-12-28,2025-12-28 06:35:41
6285,啟碁,twse,上市,2025-12-28,2025-12-28 06:35:39
6290,良維,tpex,上櫃,2025-12-28,2025-12-28 06:35:41
6291,沛亨,tpex,上櫃,2025-12-28,2025-12-28 06:35:41
6292,迅德,tpex,上櫃,2025-12-28,2025-12-28 06:35:41
6294,智基,tpex,上櫃,2025-12-28,2025-12-28 06:35:41
6405,悅城,twse,上市,2025-12-28,2025-12-28 06:35:39
6409,旭隼,twse,上市,2025-12-28,2025-12-28 06:35:39
6411,晶焱,tpex,上櫃,2025-12-28,2025-12-28 06:35:41
6412,群電,twse,上市,2025-12-28,2025-12-28 06:35:39
6414,樺漢,twse,上市,2025-12-28,2025-12-28 06:35:39
6415,矽力*-KY,twse,上市,2025-12-28,2025-12-28 06:35:39
6416,瑞祺電通,twse,上市,2025-12-28,2025-12-28 06:35:39
6417,韋僑,tpex,上櫃,2025-12-28,2025-12-28 06:35:41
6418,詠昇,tpex,上櫃,2025-12-28,2025-12-28 06:35:41
6419,京晨科,tpex,上櫃,2025-12-28,2025-12-28 06:35:41
6423,億而得-創,twse,上市,2025-12-28,2025-12-28 06:35:39
6425,易發,tpex,上櫃,2025-12-28,2025-12-28 06:35:41
6426,統新,twse,上市,2025-12-28,2025-12-28 06:35:39
6431,光麗-KY,twse,上市,2025-12-28,2025-12-28 06:35:39
6432,今展科,tpex,上櫃,2025-12-28,2025-12-28 06:35:41
6435,大中,tpex,上櫃,2025-12-28,2025-12-28 06:35:41
6438,迅得,twse,上市,2025-12-28,2025-12-28 06:35:39
6441,廣錠,tpex,上櫃,2025-12-28,2025-12-28 06:35:41
6442,光聖,twse,上市,2025-12-28,2025-12-28 06:35:39
6443,元晶,twse,上市,2025-12-28,2025-12-28 06:35:39
6446,藥華藥,twse,上市,2025-12-28,2025-12-28 06:35:39
6449,鈺邦,twse,上市,2025-12-28,2025-12-28 06:35:39
6451,訊芯-KY,twse,上市,2025-12-28,2025-12-28 06:35:39
6456,GIS-KY,twse,上市,2025-12-28,2025-12-28 06:35:39
6461,益得,tpex,上櫃,2025-12-28,2025-12-28 06:35:41
6462,神盾,tpex,上櫃,2025-12-28,2025-12-28 06:35:41
6464,台數科,twse,上市,2025-12-28,2025-12-28 06:35:39
6465,威潤,tpex,上櫃,2025-12-28,2025-12-28 06:35:41
6469,大樹,tpex,上櫃,2025-12-28,2025-12-28 06:35:41
6470,宇智,tpex,上櫃,2025-12-28,2025-12-28 06:35:41
6472,保瑞,twse,上市,2025-12-28,2025-12-28 06:35:39
6474,華豫寧,tpex,上櫃,2025-12-28,2025-12-28 06:35:41
6477,安集,twse,上市,2025-12-28,2025-12-28 06:35:39
6482,弘煜科,tpex,上櫃,2025-12-28,2025-12-28 06:35:41
6485,點序,tpex,上櫃,2025-12-28,2025-12-28 06:35:41
6486,互動,tpex,上櫃,2025-12-28,2025-12-28 06:35:41
6488,環球晶,tpex,上櫃,2025-12-28,2025-12-28 06:35:41
6491,晶碩,twse,上市,2025-12-28,2025-12-28 06:35:39
6492,生華科,tpex,上櫃,2025-12-28,2025-12-28 06:35:41
6494,九齊,tpex,上櫃,2025-12-28,2025-12-28 06:35:41
6496,科懋,tpex,上櫃,2025-12-28,2025-12-28 06:35:41
6498,久禾光,tpex,上櫃,2025-12-28,2025-12-28 06:35:41
6499,益安,tpex,上櫃,2025-12-28,2025-12-28 06:35:41
6504,南六,twse,上市,2025-12-28,2025-12-28 06:35:39
6505,台塑化,twse,上市,2025-12-28,2025-12-28 06:35:39
6506,雙邦,tpex,上櫃,2025-12-28,2025-12-28 06:35:41
6508,惠光,tpex,上櫃,2025-12-28,2025-12-28 06:35:41
6509,聚和,tpex,上櫃,2025-12-28,2025-12-28 06:35:41
6510,精測,tpex,上櫃,2025-12-28,2025-12-28 06:35:41
6512,啟發電,tpex,上櫃,2025-12-28,2025-12-28 06:35:41
6515,穎崴,twse,上市,2025-12-28,2025-12-28 06:35:39
6516,勤崴國際,tpex,上櫃,2025-12-28,2025-12-28 06:35:41
6517,保勝光學,tpex,上櫃,2025-12-28,2025-12-28 06:35:41
6523,達爾膚,tpex,上櫃,2025-12-28,2025-12-28 06:35:41
6525,捷敏-KY,twse,上市,2025-12-28,2025-12-28 06:35:39
6526,達發,twse,上市,2025-12-28,2025-12-28 06:35:39
6527,明達醫,tpex,上櫃,2025-12-28,2025-12-28 06:35:41
6530,創威,tpex,上櫃,2025-12-28,2025-12-28 06:35:41
6531,愛普*,twse,上市,2025-12-28,2025-12-28 06:35:39
6532,瑞耘,tpex,上櫃,2025-12-28,2025-12-28 06:35:41
6533,晶心科,twse,上市,2025-12-28,2025-12-28 06:35:39
6534,正瀚-創,twse,上市,2025-12-28,2025-12-28 06:35:39
6535,順藥,tpex,上櫃,2025-12-28,2025-12-28 06:35:41
6538,倉和,tpex,上櫃,2025-12-28,2025-12-28 06:35:41
6541,泰福-KY,twse,上市,2025-12-28,2025-12-28 06:35:39
6542,隆中,tpex,上櫃,2025-12-28,2025-12-28 06:35:41
6546,正基,tpex,上櫃,2025-12-28,2025-12-28 06:35:41
6547,高端疫苗,tpex,上櫃,2025-12-28,2025-12-28 06:35:41
6548,長科*,tpex,上櫃,2025-12-28,2025-12-28 06:35:41
6550,北極星藥業-KY,twse,上市,2025-12-28,2025-12-28 06:35:39
6552,易華電,twse,上市,2025-12-28,2025-12-28 06:35:39
6556,勝品,tpex,上櫃,2025-12-28,2025-12-28 06:35:41
6558,興能高,twse,上市,2025-12-28,2025-12-28 06:35:39
6560,欣普羅,tpex,上櫃,2025-12-28,2025-12-28 06:35:41
6561,是方,tpex,上櫃,2025-12-28,2025-12-28 06:35:41
6568,宏觀,tpex,上櫃,2025-12-28,2025-12-28 06:35:41
6569,醫揚,tpex,上櫃,2025-12-28,2025-12-28 06:35:41
6570,維田,tpex,上櫃,2025-12-28,2025-12-28 06:35:41
6573,虹揚-KY,twse,上市,2025-12-28,2025-12-28 06:35:39
6574,霈方,tpex,上櫃,2025-12-28,2025-12-28 06:35:41
6576,逸達,tpex,上櫃,2025-12-28,2025-12-28 06:35:41
6577,勁豐,tpex,上櫃,2025-12-28,2025-12-28 06:35:41
6578,達邦蛋白,tpex,上櫃,2025-12-28,2025-12-28 06:35:41
6579,研揚,twse,上市,2025-12-28,2025-12-28 06:35:39
6581,鋼聯,twse,上市,2025-12-28,2025-12-28 06:35:39
6582,申豐,twse,上市,2025-12-28,2025-12-28 06:35:39
6584,南俊國際,tpex,上櫃,2025-12-28,2025-12-28 06:35:41
6585,鼎基,twse,上市,2025-12-28,2025-12-28 06:35:39
6588,東典光電,tpex,上櫃,2025-12-28,2025-12-28 06:35:41
6589,台康生技,twse,上市,2025-12-28,2025-12-28 06:35:39
6590,普鴻,tpex,上櫃,2025-12-28,2025-12-28 06:35:41
6591,動力-KY,twse,上市,2025-12-28,2025-12-28 06:35:39
6592,和潤企業,twse,上市,2025-12-28,2025-12-28 06:35:39
6593,台灣銘板,tpex,上櫃,2025-12-28,2025-12-28 06:35:41
6596,寬宏藝術,tpex,上櫃,2025-12-28,2025-12-28 06:35:41
6597,立誠,tpex,上櫃,2025-12-28,2025-12-28 06:35:41
6598,ABC-KY,twse,上市,2025-12-28,2025-12-28 06:35:39
6603,富強鑫,tpex,上櫃,2025-12-28,2025-12-28 06:35:41
6605,帝寶,twse,上市,2025-12-28,2025-12-28 06:35:39
6606,建德工業,twse,上市,2025-12-28,2025-12-28 06:35:39
6609,瀧澤科,tpex,上櫃,2025-12-28,2025-12-28 06:35:41
6612,奈米醫材,tpex,上櫃,2025-12-28,2025-12-28 06:35:41
6613,朋億*,tpex,上櫃,2025-12-28,2025-12-28 06:35:41
6614,資拓宏宇,twse,上市,2025-12-28,2025-12-28 06:35:39
6615,慧智,tpex,上櫃,2025-12-28,2025-12-28 06:35:41
6616,特昇-KY,tpex,上櫃,2025-12-28,2025-12-28 06:35:41
6617,共信-KY,tpex,上櫃,2025-12-28,2025-12-28 06:35:41
6620,漢達,tpex,上櫃,2025-12-28,2025-12-28 06:35:41
6624,萬年清,tpex,上櫃,2025-12-28,2025-12-28 06:35:41
6625,必應,twse,上市,2025-12-28,2025-12-28 06:35:39
6629,泰金-KY,tpex,上櫃,2025-12-28,2025-12-28 06:35:41
6637,醫影,tpex,上櫃,2025-12-28,2025-12-28 06:35:41
6640,均華,tpex,上櫃,2025-12-28,2025-12-28 06:35:41
6641,基士德-KY,twse,上市,2025-12-28,2025-12-28 06:35:39
6642,富致,tpex,上櫃,2025-12-28,2025-12-28 06:35:41
6643,M31,tpex,上櫃,2025-12-28,2025-12-28 06:35:41
6645,金萬林-創,twse,上市,2025-12-28,2025-12-28 06:35:39
6649,台生材,tpex,上櫃,2025-12-28,2025-12-28 06:35:41
6651,全宇昕,tpex,上櫃,2025-12-28,2025-12-28 06:35:41
6654,天正國際,tpex,上櫃,2025-12-28,2025-12-28 06:35:41
6655,科定,twse,上市,2025-12-28,2025-12-28 06:35:39
6657,華安,twse,上市,2025-12-28,2025-12-28 06:35:39
6658,聯策,twse,上市,2025-12-28,2025-12-28 06:35:39
6661,威健生技,tpex,上櫃,2025-12-28,2025-12-28 06:35:41
6662,樂斯科,tpex,上櫃,2025-12-28,2025-12-28 06:35:41
6664,群翊,tpex,上櫃,2025-12-28,2025-12-28 06:35:41
6666,羅麗芬-KY,twse,上市,2025-12-28,2025-12-28 06:35:39
6667,信紘科,tpex,上櫃,2025-12-28,2025-12-28 06:35:41
6668,中揚光,twse,上市,2025-12-28,2025-12-28 06:35:39
6669,緯穎,twse,上市,2025-12-28,2025-12-28 06:35:39
6670,復盛應用,twse,上市,2025-12-28,2025-12-28 06:35:39
6671,三能-KY,twse,上市,2025-12-28,2025-12-28 06:35:39
6672,騰輝電子-KY,twse,上市,2025-12-28,2025-12-28 06:35:39
6674,鋐寶科技,twse,上市,2025-12-28,2025-12-28 06:35:39
6679,鈺太,tpex,上櫃,2025-12-28,2025-12-28 06:35:41
6680,鑫創電子,tpex,上櫃,2025-12-28,2025-12-28 06:35:41
6683,雍智科技,tpex,上櫃,2025-12-28,2025-12-28 06:35:41
6684,安格,tpex,上櫃,2025-12-28,2025-12-28 06:35:41
6689,伊雲谷,twse,上市,2025-12-28,2025-12-28 06:35:39
6690,安碁資訊,tpex,上櫃,2025-12-28,2025-12-28 06:35:41
6691,洋基工程,twse,上市,2025-12-28,2025-12-28 06:35:39
6692,進能服,tpex,上櫃,2025-12-28,2025-12-28 06:35:41
6693,廣閎科,tpex,上櫃,2025-12-28,2025-12-28 06:35:41
6695,芯鼎,twse,上市,2025-12-28,2025-12-28 06:35:39
6697,東捷資訊,tpex,上櫃,2025-12-28,2025-12-28 06:35:41
6698,旭暉應材,twse,上市,2025-12-28,2025-12-28 06:35:39
6703,軒郁,tpex,上櫃,2025-12-28,2025-12-28 06:35:41
6706,惠特,twse,上市,2025-12-28,2025-12-28 06:35:39
6708,天擎,tpex,上櫃,2025-12-28,2025-12-28 06:35:41
6712,長聖,tpex,上櫃,2025-12-28,2025-12-28 06:35:41
6715,嘉基,twse,上市,2025-12-28,2025-12-28 06:35:39
6716,應廣,tpex,上櫃,2025-12-28,2025-12-28 06:35:41
6719,力智,twse,上市,2025-12-28,2025-12-28 06:35:39
6720,久昌,tpex,上櫃,2025-12-28,2025-12-28 06:35:41
6721,信實,tpex,上櫃,2025-12-28,2025-12-28 06:35:41
6727,亞泰金屬,tpex,上櫃,2025-12-28,2025-12-28 06:35:41
6728,上洋,tpex,上櫃,2025-12-28,2025-12-28 06:35:41
6730,常廣,tpex,上櫃,2025-12-28,2025-12-28 06:35:41
6732,昇佳電子,tpex,上櫃,2025-12-28,2025-12-28 06:35:41
6733,博晟生醫,tpex,上櫃,2025-12-28,2025-12-28 06:35:41
6735,美達科技,tpex,上櫃,2025-12-28,2025-12-28 06:35:41
6739,竹陞科技,tpex,上櫃,2025-12-28,2025-12-28 06:35:41
6741,91APP*-KY,tpex,上櫃,2025-12-28,2025-12-28 06:35:41
6742,澤米,twse,上市,2025-12-28,2025-12-28 06:35:39
6743,安普新,twse,上市,2025-12-28,2025-12-28 06:35:39
6751,智聯服務,tpex,上櫃,2025-12-28,2025-12-28 06:35:41
6752,叡揚,tpex,上櫃,2025-12-28,2025-12-28 06:35:41
6753,龍德造船,twse,上市,2025-12-28,2025-12-28 06:35:39
6754,匯僑設計,twse,上市,2025-12-28,2025-12-28 06:35:39
6756,威鋒電子,twse,上市,2025-12-28,2025-12-28 06:35:39
6757,台灣虎航,twse,上市,2025-12-28,2025-12-28 06:35:39
6761,穩得,tpex,上櫃,2025-12-28,2025-12-28 06:35:41
6762,達亞,tpex,上櫃,2025-12-28,2025-12-28 06:35:41
6763,綠界科技*,tpex,上櫃,2025-12-28,2025-12-28 06:35:41
6767,台微醫,tpex,上櫃,2025-12-28,2025-12-28 06:35:41
6768,志強-KY,twse,上市,2025-12-28,2025-12-28 06:35:39
6770,力積電,twse,上市,2025-12-28,2025-12-28 06:35:39
6771,平和環保-創,twse,上市,2025-12-28,2025-12-28 06:35:39
6776,展碁國際,twse,上市,2025-12-28,2025-12-28 06:35:39
6781,AES-KY,twse,上市,2025-12-28,2025-12-28 06:35:39
6782,視陽,twse,上市,2025-12-28,2025-12-28 06:35:39
6785,昱展新藥,tpex,上櫃,2025-12-28,2025-12-28 06:35:41
6788,華景電,tpex,上櫃,2025-12-28,2025-12-28 06:35:41
6789,采鈺,twse,上市,2025-12-28,2025-12-28 06:35:39
6790,永豐實,twse,上市,2025-12-28,2025-12-28 06:35:39
6791,虎門科技,tpex,上櫃,2025-12-28,2025-12-28 06:35:41
6792,詠業,twse,上市,2025-12-28,2025-12-28 06:35:39
6794,向榮生技,twse,上市,2025-12-28,2025-12-28 06:35:39
6796,晉弘,twse,上市,2025-12-28,2025-12-28 06:35:39
6799,來頡,twse,上市,2025-12-28,2025-12-28 06:35:39
6803,崑鼎,tpex,上櫃,2025-12-28,2025-12-28 06:35:41
6804,明係,tpex,上櫃,2025-12-28,2025-12-28 06:35:41
6805,富世達,twse,上市,2025-12-28,2025-12-28 06:35:39
6806,森崴能源,twse,上市,2025-12-28,2025-12-28 06:35:39
6807,峰源-KY,twse,上市,2025-12-28,2025-12-28 06:35:39
6811,宏碁資訊,tpex,上櫃,2025-12-28,2025-12-28 06:35:41
6821,聯寶,tpex,上櫃,2025-12-28,2025-12-28 06:35:41
6823,濾能,tpex,上櫃,2025-12-28,2025-12-28 06:35:41
6829,千附精密,tpex,上櫃,2025-12-28,2025-12-28 06:35:41
6830,汎銓,twse,上市,2025-12-28,2025-12-28 06:35:39
6831,邁科,twse,上市,2025-12-28,2025-12-28 06:35:39
6834,天二科技,twse,上市,2025-12-28,2025-12-28 06:35:39
6835,圓裕,twse,上市,2025-12-28,2025-12-28 06:35:39
6838,台新藥,twse,上市,2025-12-28,2025-12-28 06:35:39
6840,東研信超,tpex,上櫃,2025-12-28,2025-12-28 06:35:41
6841,長佳智能,tpex,上櫃,2025-12-28,2025-12-28 06:35:41
6843,進典,tpex,上櫃,2025-12-28,2025-12-28 06:35:41
6844,諾貝兒,tpex,上櫃,2025-12-28,2025-12-28 06:35:41
6846,綠茵,tpex,上櫃,2025-12-28,2025-12-28 06:35:41
6854,錼創科技-KY創,twse,上市,2025-12-28,2025-12-28 06:35:39
6855,數泓科,tpex,上櫃,2025-12-28,2025-12-28 06:35:41
6856,鑫傳,tpex,上櫃,2025-12-28,2025-12-28 06:35:41
6859,伯特光,tpex,上櫃,2025-12-28,2025-12-28 06:35:41
6861,睿生光電,twse,上市,2025-12-28,2025-12-28 06:35:39
6862,三集瑞-KY,twse,上市,2025-12-28,2025-12-28 06:35:39
6863,永道-KY,twse,上市,2025-12-28,2025-12-28 06:35:39
6865,偉康科技,tpex,上櫃,2025-12-28,2025-12-28 06:35:41
6869,雲豹能源,twse,上市,2025-12-28,2025-12-28 06:35:39
6870,騰雲,tpex,上櫃,2025-12-28,2025-12-28 06:35:41
6872,浩宇生醫,tpex,上櫃,2025-12-28,2025-12-28 06:35:41
6873,泓德能源,twse,上市,2025-12-28,2025-12-28 06:35:39
6874,倍力,tpex,上櫃,2025-12-28,2025-12-28 06:35:41
6875,國邑*,tpex,上櫃,2025-12-28,2025-12-28 06:35:41
6877,鏵友益,tpex,上櫃,2025-12-28,2025-12-28 06:35:41
6881,潤德,tpex,上櫃,2025-12-28,2025-12-28 06:35:41
6884,海柏特,tpex,上櫃,2025-12-28,2025-12-28 06:35:41
6885,全福生技,twse,上市,2025-12-28,2025-12-28 06:35:39
6887,寶綠特-KY,twse,上市,2025-12-28,2025-12-28 06:35:39
6890,來億-KY,twse,上市,2025-12-28,2025-12-28 06:35:39
6894,衛司特,tpex,上櫃,2025-12-28,2025-12-28 06:35:41
6895,宏碩系統,tpex,上櫃,2025-12-28,2025-12-28 06:35:41
6899,創為精密,tpex,上櫃,2025-12-28,2025-12-28 06:35:41
6901,鑽石投資,twse,上市,2025-12-28,2025-12-28 06:35:39
6902,GOGOLOOK,twse,上市,2025-12-28,2025-12-28 06:35:39
6903,巨漢,tpex,上櫃,2025-12-28,2025-12-28 06:35:41
6904,伯鑫,tpex,上櫃,2025-12-28,2025-12-28 06:35:41
6906,現觀科,twse,上市,2025-12-28,2025-12-28 06:35:39
6909,創控,twse,上市,2025-12-28,2025-12-28 06:35:39
6910,德鴻,tpex,上櫃,2025-12-28,2025-12-28 06:35:41
6913,鴻呈,tpex,上櫃,2025-12-28,2025-12-28 06:35:41
6914,阜爾運通,twse,上市,2025-12-28,2025-12-28 06:35:39
6916,華凌,twse,上市,2025-12-28,2025-12-28 06:35:39
6918,愛派司,twse,上市,2025-12-28,2025-12-28 06:35:39
6919,康霈*,twse,上市,2025-12-28,2025-12-28 06:35:39
6921,嘉雨思-創,twse,上市,2025-12-28,2025-12-28 06:35:39
6922,宸曜,tpex,上櫃,2025-12-28,2025-12-28 06:35:41
6923,中台,twse,上市,2025-12-28,2025-12-28 06:35:39
6924,榮惠-KY創,twse,上市,2025-12-28,2025-12-28 06:35:39
6925,意藍,tpex,上櫃,2025-12-28,2025-12-28 06:35:41
6928,攸泰科技,twse,上市,2025-12-28,2025-12-28 06:35:39
6929,佑全,tpex,上櫃,2025-12-28,2025-12-28 06:35:41
6931,青松健康,twse,上市,2025-12-28,2025-12-28 06:35:39
6933,AMAX-KY,twse,上市,2025-12-28,2025-12-28 06:35:39
6936,永鴻生技,twse,上市,2025-12-28,2025-12-28 06:35:39
6937,天虹,twse,上市,2025-12-28,2025-12-28 06:35:39
6944,兆聯實業,twse,上市,2025-12-28,2025-12-28 06:35:39
6949,沛爾生醫-創,twse,上市,2025-12-28,2025-12-28 06:35:39
6951,青新-創,twse,上市,2025-12-28,2025-12-28 06:35:39
6952,大武山,twse,上市,2025-12-28,2025-12-28 06:35:39
6953,家碩,tpex,上櫃,2025-12-28,2025-12-28 06:35:41
6955,邦睿生技-創,twse,上市,2025-12-28,2025-12-28 06:35:39
6957,裕慶-KY,twse,上市,2025-12-28,2025-12-28 06:35:39
6958,日盛台駿,twse,上市,2025-12-28,2025-12-28 06:35:39
6962,奕力-KY,twse,上市,2025-12-28,2025-12-28 06:35:39
6965,中傑-KY,twse,上市,2025-12-28,2025-12-28 06:35:39
6967,汎瑋材料,tpex,上櫃,2025-12-28,2025-12-28 06:35:41
6968,萬達寵物,tpex,上櫃,2025-12-28,2025-12-28 06:35:41
6969,成信實業*-創,twse,上市,2025-12-28,2025-12-28 06:35:39
6971,惠民實業,tpex,上櫃,2025-12-28,2025-12-28 06:35:41
6982,大井泵浦,tpex,上櫃,2025-12-28,2025-12-28 06:35:41
6988,威力暘-創,twse,上市,2025-12-28,2025-12-28 06:35:39
6994,富威電力,twse,上市,2025-12-28,2025-12-28 06:35:39
6996,力領科技,tpex,上櫃,2025-12-28,2025-12-28 06:35:41
6997,博弘,tpex,上櫃,2025-12-28,2025-12-28 06:35:41
7402,邑錡,tpex,上櫃,2025-12-28,2025-12-28 06:35:41
7547,碩網,tpex,上櫃,2025-12-28,2025-12-28 06:35:41
7556,意德士,tpex,上櫃,2025-12-28,2025-12-28 06:35:41
7584,樂意,tpex,上櫃,2025-12-28,2025-12-28 06:35:41
7610,聯友金屬-創,twse,上市,2025-12-28,2025-12-28 06:35:39
7631,聚賢研發-創,twse,上市,2025-12-28,2025-12-28 06:35:39
7642,昶瑞機電,tpex,上櫃,2025-12-28,2025-12-28 06:35:41
7703,銳澤,tpex,上櫃,2025-12-28,2025-12-28 06:35:41
7704,明遠精密,tpex,上櫃,2025-12-28,2025-12-28 06:35:41
7705,三商餐飲,twse,上市,2025-12-28,2025-12-28 06:35:39
7708,全家餐飲,tpex,上櫃,2025-12-28,2025-12-28 06:35:41
7709,榮田,tpex,上櫃,2025-12-28,2025-12-28 06:35:41
7711,永擎,twse,上市,2025-12-28,2025-12-28 06:35:39
7712,博盛半導體,tpex,上櫃,2025-12-28,2025-12-28 06:35:41
7713,威力德生醫,tpex,上櫃,2025-12-28,2025-12-28 06:35:41
7714,創泓科技,tpex,上櫃,2025-12-28,2025-12-28 06:35:41
7715,裕山,tpex,上櫃,2025-12-28,2025-12-28 06:35:41
7716,昱臺國際,tpex,上櫃,2025-12-28,2025-12-28 06:35:41
7717,萊德光電-KY,tpex,上櫃,2025-12-28,2025-12-28 06:35:41
7718,友鋮,tpex,上櫃,2025-12-28,2025-12-28 06:35:41
7721,微程式,twse,上市,2025-12-28,2025-12-28 06:35:39
7722,LINEPAY,twse,上市,2025-12-28,2025-12-28 06:35:39
7723,築間,tpex,上櫃,2025-12-28,2025-12-28 06:35:41
7728,光焱科技,tpex,上櫃,2025-12-28,2025-12-28 06:35:41
7730,暉盛-創,twse,上市,2025-12-28,2025-12-28 06:35:39
7732,金興精密,twse,上市,2025-12-28,2025-12-28 06:35:39
7734,印能科技,tpex,上櫃,2025-12-28,2025-12-28 06:35:41
7736,虎山,twse,上市,2025-12-28,2025-12-28 06:35:39
7738,東聯互動,tpex,上櫃,2025-12-28,2025-12-28 06:35:41
7740,熙特爾-創,twse,上市,2025-12-28,2025-12-28 06:35:39
7743,金利食安,tpex,上櫃,2025-12-28,2025-12-28 06:35:41
7744,崴寶,tpex,上櫃,2025-12-28,2025-12-28 06:35:41
7747,昕奇雲端,tpex,上櫃,2025-12-28,2025-12-28 06:35:41
7749,意騰-KY,twse,上市,2025-12-28,2025-12-28 06:35:39
7750,新代,twse,上市,2025-12-28,2025-12-28 06:35:39
7751,竑騰,tpex,上櫃,2025-12-28,2025-12-28 06:35:41
7753,星亞,tpex,上櫃,2025-12-28,2025-12-28 06:35:41
7757,金色三麥,tpex,上櫃,2025-12-28,2025-12-28 06:35:41
7765,中華資安,twse,上市,2025-12-28,2025-12-28 06:35:39
7767,仁大資訊,tpex,上櫃,2025-12-28,2025-12-28 06:35:41
7769,鴻勁,twse,上市,2025-12-28,2025-12-28 06:35:39
7770,君曜,tpex,上櫃,2025-12-28,2025-12-28 06:35:41
7777,能率亞洲,tpex,上櫃,2025-12-28,2025-12-28 06:35:41
7780,大研生醫,twse,上市,2025-12-28,2025-12-28 06:35:39
7782,光速火箭,tpex,上櫃,2025-12-28,2025-12-28 06:35:41
7786,東方風能,twse,上市,2025-12-28,2025-12-28 06:35:39
7788,松川精密,twse,上市,2025-12-28,2025-12-28 06:35:39
7791,皇家可口,twse,上市,2025-12-28,2025-12-28 06:35:39
7799,禾榮科,twse,上市,2025-12-28,2025-12-28 06:35:39
7805,威聯通,tpex,上櫃,2025-12-28,2025-12-28 06:35:41
7810,捷創科技,tpex,上櫃,2025-12-28,2025-12-28 06:35:41
8011,台通,twse,上市,2025-12-28,2025-12-28 06:35:39
8016,矽創,twse,上市,2025-12-28,2025-12-28 06:35:39
8021,尖點,twse,上市,2025-12-28,2025-12-28 06:35:39
8024,佑華,tpex,上櫃,2025-12-28,2025-12-28 06:35:41
8027,鈦昇,tpex,上櫃,2025-12-28,2025-12-28 06:35:41
8028,昇陽半導體,twse,上市,2025-12-28,2025-12-28 06:35:39
8032,光菱,tpex,上櫃,2025-12-28,2025-12-28 06:35:41
8033,雷虎,twse,上市,2025-12-28,2025-12-28 06:35:39
8034,榮群,tpex,上櫃,2025-12-28,2025-12-28 06:35:41
8038,長園科,tpex,上櫃,2025-12-28,2025-12-28 06:35:41
8039,台虹,twse,上市,2025-12-28,2025-12-28 06:35:39
8040,九暘,tpex,上櫃,2025-12-28,2025-12-28 06:35:41
8042,金山電,tpex,上櫃,2025-12-28,2025-12-28 06:35:41
8043,蜜望實,tpex,上櫃,2025-12-28,2025-12-28 06:35:41
8044,網家,tpex,上櫃,2025-12-28,2025-12-28 06:35:41
8045,達運光電,twse,上市,2025-12-28,2025-12-28 06:35:39
8046,南電,twse,上市,2025-12-28,2025-12-28 06:35:39
8047,星雲,tpex,上櫃,2025-12-28,2025-12-28 06:35:41
8048,德勝,tpex,上櫃,2025-12-28,2025-12-28 06:35:41
8049,晶采,tpex,上櫃,2025-12-28,2025-12-28 06:35:41
8050,廣積,tpex,上櫃,2025-12-28,2025-12-28 06:35:41
8054,安國,tpex,上櫃,2025-12-28,2025-12-28 06:35:41
8059,凱碩,tpex,上櫃,2025-12-28,2025-12-28 06:35:41
8064,東捷,tpex,上櫃,2025-12-28,2025-12-28 06:35:41
8066,來思達,tpex,上櫃,2025-12-28,2025-12-28 06:35:41
8067,志旭,tpex,上櫃,2025-12-28,2025-12-28 06:35:41
8068,全達,tpex,上櫃,2025-12-28,2025-12-28 06:35:41
8069,元太,tpex,上櫃,2025-12-28,2025-12-28 06:35:41
8070,長華*,twse,上市,2025-12-28,2025-12-28 06:35:39
8071,能率網通,tpex,上櫃,2025-12-28,2025-12-28 06:35:41
8072,陞泰,twse,上市,2025-12-28,2025-12-28 06:35:39
8074,鉅橡,tpex,上櫃,2025-12-28,2025-12-28 06:35:41
8076,伍豐,tpex,上櫃,2025-12-28,2025-12-28 06:35:41
8077,洛碁,tpex,上櫃,2025-12-28,2025-12-28 06:35:41
8080,泰霖,tpex,上櫃,2025-12-28,2025-12-28 06:35:41
8081,致新,twse,上市,2025-12-28,2025-12-28 06:35:39
8083,瑞穎,tpex,上櫃,2025-12-28,2025-12-28 06:35:41
8084,巨虹,tpex,上櫃,2025-12-28,2025-12-28 06:35:41
8085,福華,tpex,上櫃,2025-12-28,2025-12-28 06:35:41
8086,宏捷科,tpex,上櫃,2025-12-28,2025-12-28 06:35:41
8087,麗升能源,tpex,上櫃,2025-12-28,2025-12-28 06:35:41
8088,品安,tpex,上櫃,2025-12-28,2025-12-28 06:35:41
8089,康全電訊,tpex,上櫃,2025-12-28,2025-12-28 06:35:41
8091,翔名,tpex,上櫃,2025-12-28,2025-12-28 06:35:41
8092,建暐,tpex,上櫃,2025-12-28,2025-12-28 06:35:41
8093,保銳,tpex,上櫃,2025-12-28,2025-12-28 06:35:41
8096,擎亞,tpex,上櫃,2025-12-28,2025-12-28 06:35:41
8097,常珵,tpex,上櫃,2025-12-28,2025-12-28 06:35:41
8099,大世科,tpex,上櫃,2025-12-28,2025-12-28 06:35:41
8101,華冠,twse,上市,2025-12-28,2025-12-28 06:35:39
8102,傑霖科技,tpex,上櫃,2025-12-28,2025-12-28 06:35:41
8103,瀚荃,twse,上市,2025-12-28,2025-12-28 06:35:39
8104,錸寶,twse,上市,2025-12-28,2025-12-28 06:35:39
8105,凌巨,twse,上市,2025-12-28,2025-12-28 06:35:39
8107,大億金茂,tpex,上櫃,2025-12-28,2025-12-28 06:35:41
8109,博大,tpex,上櫃,2025-12-28,2025-12-28 06:35:41
8110,華東,twse,上市,2025-12-28,2025-12-28 06:35:39
8111,立碁,tpex,上櫃,2025-12-28,2025-12-28 06:35:41
8112,至上,twse,上市,2025-12-28,2025-12-28 06:35:39
8114,振樺電,twse,上市,2025-12-28,2025-12-28 06:35:39
8121,越峰,tpex,上櫃,2025-12-28,2025-12-28 06:35:41
8131,福懋科,twse,上市,2025-12-28,2025-12-28 06:35:39
8147,正淩,tpex,上櫃,2025-12-28,2025-12-28 06:35:41
8150,南茂,twse,上市,2025-12-28,2025-12-28 06:35:39
8155,博智,tpex,上櫃,2025-12-28,2025-12-28 06:35:41
8162,微矽電子-創,twse,上市,2025-12-28,2025-12-28 06:35:39
8163,達方,twse,上市,2025-12-28,2025-12-28 06:35:39
8171,天宇,tpex,上櫃,2025-12-28,2025-12-28 06:35:41
8176,智捷,tpex,上櫃,2025-12-28,2025-12-28 06:35:41
8182,加高,tpex,上櫃,2025-12-28,2025-12-28 06:35:41
8183,精星,tpex,上櫃,2025-12-28,2025-12-28 06:35:41
8201,無敵,twse,上市,2025-12-28,2025-12-28 06:35:39
8210,勤誠,twse,上市,2025-12-28,2025-12-28 06:35:39
8213,志超,twse,上市,2025-12-28,2025-12-28 06:35:39
8215,明基材,twse,上市,2025-12-28,2025-12-28 06:35:39
8222,寶一,twse,上市,2025-12-28,2025-12-28 06:35:39
8227,巨有科技,tpex,上櫃,2025-12-28,2025-12-28 06:35:41
8234,新漢,tpex,上櫃,2025-12-28,2025-12-28 06:35:41
8240,華宏,tpex,上櫃,2025-12-28,2025-12-28 06:35:41
8249,菱光,twse,上市,2025-12-28,2025-12-28 06:35:39
8255,朋程,tpex,上櫃,2025-12-28,2025-12-28 06:35:41
8261,富鼎,twse,上市,2025-12-28,2025-12-28 06:35:39
8271,宇瞻,twse,上市,2025-12-28,2025-12-28 06:35:39
8272,全景軟體,tpex,上櫃,2025-12-28,2025-12-28 06:35:41
8277,商丞,tpex,上櫃,2025-12-28,2025-12-28 06:35:41
8279,生展,tpex,上櫃,2025-12-28,2025-12-28 06:35:41
8284,三竹,tpex,上櫃,2025-12-28,2025-12-28 06:35:41
8289,泰藝,tpex,上櫃,2025-12-28,2025-12-28 06:35:41
8299,群聯,tpex,上櫃,2025-12-28,2025-12-28 06:35:41
8341,日友,twse,上市,2025-12-28,2025-12-28 06:35:39
8342,益張,tpex,上櫃,2025-12-28,2025-12-28 06:35:41
8349,恒耀,tpex,上櫃,2025-12-28,2025-12-28 06:35:41
8354,冠好,tpex,上櫃,2025-12-28,2025-12-28 06:35:41
8358,金居,tpex,上櫃,2025-12-28,2025-12-28 06:35:41
8367,建新國際,twse,上市,2025-12-28,2025-12-28 06:35:39
8374,羅昇,twse,上市,2025-12-28,2025-12-28 06:35:39
8383,千附,tpex,上櫃,2025-12-28,2025-12-28 06:35:41
8390,金益鼎,tpex,上櫃,2025-12-28,2025-12-28 06:35:41
8401,白紗科,tpex,上櫃,2025-12-28,2025-12-28 06:35:41
8403,盛弘,tpex,上櫃,2025-12-28,2025-12-28 06:35:41
8404,百和興業-KY,twse,上市,2025-12-28,2025-12-28 06:35:39
8409,商之器,tpex,上櫃,2025-12-28,2025-12-28 06:35:41
8410,森田,tpex,上櫃,2025-12-28,2025-12-28 06:35:41
8411,福貞-KY,twse,上市,2025-12-28,2025-12-28 06:35:39
8415,大國鋼,tpex,上櫃,2025-12-28,2025-12-28 06:35:41
8416,實威,tpex,上櫃,2025-12-28,2025-12-28 06:35:41
8421,旭源,tpex,上櫃,2025-12-28,2025-12-28 06:35:41
8422,可寧衛*,twse,上市,2025-12-28,2025-12-28 06:35:39
8423,保綠-KY,tpex,上櫃,2025-12-28,2025-12-28 06:35:41
8424,惠普,tpex,上櫃,2025-12-28,2025-12-28 06:35:41
8426,紅木-KY,tpex,上櫃,2025-12-28,2025-12-28 06:35:41
8429,金麗-KY,twse,上市,2025-12-28,2025-12-28 06:35:39
8431,匯鑽科,tpex,上櫃,2025-12-28,2025-12-28 06:35:41
8432,東生華,tpex,上櫃,2025-12-28,2025-12-28 06:35:41
8433,弘帆,tpex,上櫃,2025-12-28,2025-12-28 06:35:41
8435,鉅邁,tpex,上櫃,2025-12-28,2025-12-28 06:35:41
8436,大江,tpex,上櫃,2025-12-28,2025-12-28 06:35:41
8437,大地-KY,tpex,上櫃,2025-12-28,2025-12-28 06:35:41
8438,昶昕,twse,上市,2025-12-28,2025-12-28 06:35:39
8440,綠電,tpex,上櫃,2025-12-28,2025-12-28 06:35:41
8442,威宏-KY,twse,上市,2025-12-28,2025-12-28 06:35:39
8443,阿瘦,twse,上市,2025-12-28,2025-12-28 06:35:39
8444,綠河-KY,tpex,上櫃,2025-12-28,2025-12-28 06:35:41
8446,華研,tpex,上櫃,2025-12-28,2025-12-28 06:35:41
8450,霹靂,tpex,上櫃,2025-12-28,2025-12-28 06:35:41
8454,富邦媒,twse,上市,2025-12-28,2025-12-28 06:35:39
8455,大拓-KY,tpex,上櫃,2025-12-28,2025-12-28 06:35:41
8462,柏文,twse,上市,2025-12-28,2025-12-28 06:35:39
8463,潤泰材,twse,上市,2025-12-28,2025-12-28 06:35:39
8464,億豐,twse,上市,2025-12-28,2025-12-28 06:35:39
8466,美吉吉-KY,twse,上市,2025-12-28,2025-12-28 06:35:39
8467,波力-KY,twse,上市,2025-12-28,2025-12-28 06:35:39
8472,夠麻吉,tpex,上櫃,2025-12-28,2025-12-28 06:35:41
8473,山林水,twse,上市,2025-12-28,2025-12-28 06:35:39
8476,台境*,twse,上市,2025-12-28,2025-12-28 06:35:39
8477,創業家,tpex,上櫃,2025-12-28,2025-12-28 06:35:41
8478,東哥遊艇,twse,上市,2025-12-28,2025-12-28 06:35:39
8481,政伸,twse,上市,2025-12-28,2025-12-28 06:35:39
8482,商億-KY,twse,上市,2025-12-28,2025-12-28 06:35:39
8487,愛爾達-創,twse,上市,2025-12-28,2025-12-28 06:35:39
8488,吉源-KY,twse,上市,2025-12-28,2025-12-28 06:35:39
8489,三貝德,tpex,上櫃,2025-12-28,2025-12-28 06:35:41
8499,鼎炫-KY,twse,上市,2025-12-28,2025-12-28 06:35:39
8905,裕國,tpex,上櫃,2025-12-28,2025-12-28 06:35:41
8906,花王,tpex,上櫃,2025-12-28,2025-12-28 06:35:41
8908,欣雄,tpex,上櫃,2025-12-28,2025-12-28 06:35:41
8916,光隆,tpex,上櫃,2025-12-28,2025-12-28 06:35:41
8917,欣泰,tpex,上櫃,2025-12-28,2025-12-28 06:35:41
8921,沈氏,tpex,上櫃,2025-12-28,2025-12-28 06:35:41
8923,時報,tpex,上櫃,2025-12-28,2025-12-28 06:35:41
8924,大田,tpex,上櫃,2025-12-28,2025-12-28 06:35:41
8926,台汽電,twse,上市,2025-12-28,2025-12-28 06:35:39
8927,北基,tpex,上櫃,2025-12-28,2025-12-28 06:35:41
8928,鉅明,tpex,上櫃,2025-12-28,2025-12-28 06:35:41
8929,富堡,tpex,上櫃,2025-12-28,2025-12-28 06:35:41
8930,青鋼,tpex,上櫃,2025-12-28,2025-12-28 06:35:41
8931,大汽電,tpex,上櫃,2025-12-28,2025-12-28 06:35:41
8932,智通*,tpex,上櫃,2025-12-28,2025-12-28 06:35:41
8933,愛地雅,tpex,上櫃,2025-12-28,2025-12-28 06:35:41
8935,邦泰,tpex,上櫃,2025-12-28,2025-12-28 06:35:41
8936,國統,tpex,上櫃,2025-12-28,2025-12-28 06:35:41
8937,合騏,tpex,上櫃,2025-12-28,2025-12-28 06:35:41
8938,明安,tpex,上櫃,2025-12-28,2025-12-28 06:35:41
8940,新天地,twse,上市,2025-12-28,2025-12-28 06:35:39
8941,關中,tpex,上櫃,2025-12-28,2025-12-28 06:35:41
8942,森鉅,tpex,上櫃,2025-12-28,2025-12-28 06:35:41
8996,高力,twse,上市,2025-12-28,2025-12-28 06:35:39
9103,美德醫療-DR,twse,上市,2025-12-28,2025-12-28 06:35:39
9105,泰金寶-DR,twse,上市,2025-12-28,2025-12-28 06:35:39
9110,越南控-DR,twse,上市,2025-12-28,2025-12-28 06:35:39
9136,巨騰-DR,twse,上市,2025-12-28,2025-12-28 06:35:39
9802,鈺齊-KY,twse,上市,2025-12-28,2025-12-28 06:35:39
9902,台火,twse,上市,2025-12-28,2025-12-28 06:35:39
9904,寶成,twse,上市,2025-12-28,2025-12-28 06:35:39
9905,大華,twse,上市,2025-12-28,2025-12-28 06:35:39
9906,欣巴巴,twse,上市,2025-12-28,2025-12-28 06:35:39
9907,統一實,twse,上市,2025-12-28,2025-12-28 06:35:39
9908,大台北,twse,上市,2025-12-28,2025-12-28 06:35:39
9910,豐泰,twse,上市,2025-12-28,2025-12-28 06:35:39
9911,櫻花,twse,上市,2025-12-28,2025-12-28 06:35:39
9912,偉聯,twse,上市,2025-12-28,2025-12-28 06:35:39
9914,美利達,twse,上市,2025-12-28,2025-12-28 06:35:39
9917,中保科,twse,上市,2025-12-28,2025-12-28 06:35:39
9918,欣天然,twse,上市,2025-12-28,2025-12-28 06:35:39
9919,康那香,twse,上市,2025-12-28,2025-12-28 06:35:39
9921,巨大,twse,上市,2025-12-28,2025-12-28 06:35:39
9924,福興,twse,上市,2025-12-28,2025-12-28 06:35:39
9925,新保,twse,上市,2025-12-28,2025-12-28 06:35:39
9926,新海,twse,上市,2025-12-28,2025-12-28 06:35:39
9927,泰銘,twse,上市,2025-12-28,2025-12-28 06:35:39
9928,中視,twse,上市,2025-12-28,2025-12-28 06:35:39
9929,秋雨,twse,上市,2025-12-28,2025-12-28 06:35:39
9930,中聯資源,twse,上市,2025-12-28,2025-12-28 06:35:39
9931,欣高,twse,上市,2025-12-28,2025-12-28 06:35:39
9933,中鼎,twse,上市,2025-12-28,2025-12-28 06:35:39
9934,成霖,twse,上市,2025-12-28,2025-12-28 06:35:39
9935,慶豐富,twse,上市,2025-12-28,2025-12-28 06:35:39
9937,全國,twse,上市,2025-12-28,2025-12-28 06:35:39
9938,百和,twse,上市,2025-12-28,2025-12-28 06:35:39
9939,宏全,twse,上市,2025-12-28,2025-12-28 06:35:39
9940,信義,twse,上市,2025-12-28,2025-12-28 06:35:39
9941,裕融,twse,上市,2025-12-28,2025-12-28 06:35:39
9942,茂順,twse,上市,2025-12-28,2025-12-28 06:35:39
9943,好樂迪,twse,上市,2025-12-28,2025-12-28 06:35:39
9944,新麗,twse,上市,2025-12-28,2025-12-28 06:35:39
9945,潤泰新,twse,上市,2025-12-28,2025-12-28 06:35:39
9946,三發地產,twse,上市,2025-12-28,2025-12-28 06:35:39
9949,琉園,tpex,上櫃,2025-12-28,2025-12-28 06:35:41
9950,萬國通,tpex,上櫃,2025-12-28,2025-12-28 06:35:41
9951,皇田,tpex,上櫃,2025-12-28,2025-12-28 06:35:41
9955,佳龍,twse,上市,2025-12-28,2025-12-28 06:35:39
9958,世紀鋼,twse,上市,2025-12-28,2025-12-28 06:35:39
9960,邁達康,tpex,上櫃,2025-12-28,2025-12-28 06:35:41
9962,有益,tpex,上櫃,2025-12-28,2025-12-28 06:35:41
